first_name,last_name,email,gender,age,height,weight,Country
Bronny,Andrus,bandrus0@ft.com,Male,0.12,0.52,0.18,Bulgaria
Farlee,Wohler,fwohler1@cbslocal.com,Male,-0.45,0.15,0.16,Argentina
Kelcie,Norgan,knorgan2@phoca.cz,Female,1.12,-0.27,-0.27,Indonesia
Reggie,Teresa,rteresa3@webs.com,Male,0.61,1.44,0.85,Moldova
Krishnah,Nesby,knesby4@icio.us,Male,2.24,0.48,-1.24,Russia
Cloe,Champerlen,cchamperlen5@loc.gov,Female,-0.29,-0.73,1.53,Myanmar
Krystyna,Neilly,kneilly6@plala.or.jp,Female,0.48,-0.19,1.41,Philippines
Hew,Pick,hpick7@redcross.org,Male,1.43,0.33,-0.06,United States
Fergus,Woodwind,fwoodwind8@apache.org,Male,-0.71,0.56,0.53,Brazil
Kellie,Stein,kstein9@epa.gov,Female,0.64,-0.27,-2.34,Brazil
Lorette,Dukesbury,ldukesburya@baidu.com,Female,0.93,0.15,0.84,Russia
Kinna,Scones,ksconesb@spiegel.de,Female,-0.02,-0.78,-1.38,Czech Republic
Jamima,Andrichak,jandrichakc@nytimes.com,Female,0.13,-0.26,0.67,Brazil
Adler,Salvin,asalvind@ucla.edu,Male,1.28,-1.64,0.42,Ukraine
Claudian,Harriss,charrisse@edublogs.org,Male,-1.28,-1.92,-0.52,Ethiopia
Jenda,Robertshaw,jrobertshawf@mysql.com,Female,-0.98,-1.15,0.31,China
Dianemarie,Ebourne,debourneg@sun.com,Female,0.82,-0.15,0.09,China
Trudie,Freeborne,tfreeborneh@unesco.org,Female,-0.17,-0.05,-1.31,Ethiopia
Pembroke,Rake,prakei@va.gov,Male,-0.93,-2.05,-0.04,Indonesia
Eolanda,Marfell,emarfellj@cpanel.net,Female,0.03,-0.72,0.52,China
Florinda,Tessyman,ftessymank@themeforest.net,Female,0.39,-1.36,0.83,Greece
Birch,Weatherhill,bweatherhilll@foxnews.com,Male,2.07,1.28,0.71,France
Raimondo,Hankey,rhankeym@nifty.com,Male,-0.3,0.86,-1.02,Colombia
Alfonse,Surgood,asurgoodn@multiply.com,Male,-0.67,0.84,-0.84,Kazakhstan
Jonah,Goneau,jgoneauo@freewebs.com,Male,0.62,-0.2,0.86,Indonesia
Alano,Broomer,abroomerp@narod.ru,Male,-0.75,-0.1,-1.53,Indonesia
Benedick,Sillito,bsillitoq@boston.com,Male,-1.12,1.1,-1.07,China
Edsel,Walter,ewalterr@ftc.gov,Male,0.64,-0.04,2.41,Philippines
Fields,Ellwood,fellwoods@t.co,Male,0.25,-0.63,1.51,China
Claybourne,Hugenin,chugenint@google.com.br,Male,0.65,2.1,-0.8,Poland
Derry,Kubik,dkubiku@dedecms.com,Male,1.48,0.48,-0.36,Thailand
Riley,Walisiak,rwalisiakv@g.co,Male,1.33,-0.46,-1.74,Brazil
Starr,Cowndley,scowndleyw@reuters.com,Female,-0.81,-0.79,0.62,Russia
Nicolas,Isselee,nisseleex@chronoengine.com,Male,-1.23,0.28,0.92,China
Zacharias,Dalrymple,zdalrympley@facebook.com,Male,2.98,-0.09,0.55,Nigeria
Maisie,Luscombe,mluscombez@biglobe.ne.jp,Female,-0.14,-0.93,-0.37,China
Meghann,Lorman,mlorman10@ucsd.edu,Female,0.18,1.69,-1.4,Argentina
Kare,Impy,kimpy11@adobe.com,Female,-0.47,-0.06,-1.52,China
Bessy,Babbe,bbabbe12@dmoz.org,Female,-1.07,1.26,1.54,New Zealand
Raynell,Ager,rager13@cisco.com,Female,0.42,2.13,-0.56,Philippines
Alvis,Hantusch,ahantusch14@mozilla.org,Male,-1.03,-0.55,0.69,United States
Dylan,Briance,dbriance15@google.cn,Male,0.52,0.86,1.36,China
Perceval,MacCourt,pmaccourt16@si.edu,Male,1.18,-1.91,2.42,Philippines
Vinson,Bruffell,vbruffell17@multiply.com,Male,0.34,-0.84,-0.54,Spain
Karine,Aindriu,kaindriu18@sakura.ne.jp,Female,-0.25,1.77,-0.46,France
Molly,Caughtry,mcaughtry19@wisc.edu,Female,0.67,1.56,-2.06,Philippines
Mike,Donnachie,mdonnachie1a@clickbank.net,Male,-0.62,-0.39,2.33,China
Elsworth,Server,eserver1b@dailymotion.com,Male,1.74,0.06,-1.3,Japan
Joete,Camoys,jcamoys1c@edublogs.org,Female,0.63,-0.27,0.04,Philippines
Keefer,Cahalan,kcahalan1d@over-blog.com,Male,2.09,1.02,-1.17,Azerbaijan
Shay,Caslake,scaslake1e@ucsd.edu,Male,0.27,0.05,0.73,China
Sascha,Mattecot,smattecot1f@icio.us,Male,0.31,-1.81,0.35,Palestinian Territory
Doria,Hritzko,dhritzko1g@va.gov,Female,-1.03,-0.75,0.78,Portugal
Sheila-kathryn,Epp,sepp1h@bigcartel.com,Female,0.01,0.67,-0.47,Serbia
Berthe,Charlwood,bcharlwood1i@feedburner.com,Female,-0.66,0.82,0.29,Afghanistan
Wilden,Pollack,wpollack1j@opera.com,Male,1.92,-0.28,0.03,Indonesia
Horatio,Weond,hweond1k@ucoz.ru,Male,0.93,0.15,-1.74,Brazil
Geoffrey,Keeton,gkeeton1l@mit.edu,Male,1.59,0.46,0.15,Indonesia
Goraud,Fenning,gfenning1m@state.gov,Male,-0.07,0.35,0.06,Brazil
Timothy,Garthland,tgarthland1n@goodreads.com,Male,-1.7,0.66,-0.19,Philippines
Rosita,Garfoot,rgarfoot1o@phoca.cz,Female,1.43,-0.57,-0.54,Russia
Milty,Tofts,mtofts1p@opensource.org,Male,2.04,-0.58,0.99,China
Samuele,MacAlpyne,smacalpyne1q@360.cn,Male,-0.13,-1.55,0.92,Argentina
Lorens,Dickie,ldickie1r@eventbrite.com,Male,0.01,-0.35,-0.34,China
Elicia,Butland,ebutland1s@moonfruit.com,Female,-0.53,0.57,-0.59,Brazil
Reinwald,Hebblewhite,rhebblewhite1t@reverbnation.com,Male,1.61,1.09,0.59,China
Salomo,Innett,sinnett1u@npr.org,Male,-0.98,1.22,0.02,Indonesia
Kerk,Gasking,kgasking1v@geocities.com,Male,0.94,-0.74,-0.69,France
Morena,McKiernan,mmckiernan1w@icio.us,Female,0.98,0.45,0.48,China
Olympe,Hannaway,ohannaway1x@mediafire.com,Female,-1.16,-0.6,0.29,Czech Republic
Cherin,Curcher,ccurcher1y@google.nl,Female,0.91,0.36,-1.32,South Korea
Wilma,Beckwith,wbeckwith1z@walmart.com,Female,1.05,-0.38,1.35,Japan
Tricia,Ick,tick20@nyu.edu,Female,0.6,0.13,-1.16,Poland
Papagena,Vergine,pvergine21@goo.ne.jp,Female,1.59,1.5,1.01,Tajikistan
Padget,Durbyn,pdurbyn22@unesco.org,Male,0.86,0.32,-1.15,China
Serene,Roome,sroome23@wikimedia.org,Female,1.0,0.07,-0.81,Peru
Nikolas,Pally,npally24@odnoklassniki.ru,Male,-0.7,-0.91,-0.25,Philippines
Billye,Treagus,btreagus25@wordpress.org,Female,-0.18,1.17,-0.97,Czech Republic
Inness,Harridge,iharridge26@shutterfly.com,Male,-1.11,0.0,-0.41,Indonesia
Lionello,Peachey,lpeachey27@vkontakte.ru,Male,-0.03,1.3,0.47,Venezuela
Gearard,Bernardini,gbernardini28@amazon.de,Male,0.17,-0.57,-0.39,Indonesia
Babara,Dionisetto,bdionisetto29@oracle.com,Female,1.29,-0.09,-1.61,Bolivia
Catlin,Todaro,ctodaro2a@technorati.com,Female,-0.12,-0.21,-0.36,Comoros
Siusan,Rime,srime2b@aboutads.info,Female,-1.21,0.37,-1.19,South Africa
Forester,Scrange,fscrange2c@omniture.com,Male,-0.58,-0.53,-0.64,Indonesia
Clarita,Derington,cderington2d@last.fm,Female,-0.11,-0.8,-1.2,Indonesia
Creight,Fiveash,cfiveash2e@sogou.com,Male,0.01,-2.59,0.41,China
Shaine,Elton,selton2f@sun.com,Male,1.57,0.33,1.14,Poland
Caressa,Hinchon,chinchon2g@time.com,Female,1.94,-0.82,-0.39,China
Inigo,Benzing,ibenzing2h@a8.net,Male,1.31,0.39,-0.13,Sweden
Lewie,Zute,lzute2i@ucoz.ru,Male,-0.29,-0.58,-0.87,Indonesia
Isidora,Gainsbury,igainsbury2j@goo.gl,Female,0.27,-0.66,-1.14,China
Carlene,Oertzen,coertzen2k@usatoday.com,Female,0.59,1.56,0.62,China
Suzy,Lorrimer,slorrimer2l@ezinearticles.com,Female,0.71,0.77,-0.73,China
Munroe,Calbrathe,mcalbrathe2m@berkeley.edu,Male,-0.31,0.5,0.33,Indonesia
Jared,Josefsen,jjosefsen2n@hao123.com,Male,0.88,-0.54,-0.32,Brazil
Donnie,Pellamonuten,dpellamonuten2o@time.com,Male,2.17,1.35,-0.7,Indonesia
Butch,McKeran,bmckeran2p@wikipedia.org,Male,-0.58,0.59,0.93,China
Corbett,McCathie,cmccathie2q@amazonaws.com,Male,-0.38,1.47,0.23,Dominican Republic
Flossy,Grisedale,fgrisedale2r@uol.com.br,Female,-0.61,1.41,-0.35,Philippines
Shurlock,Howgate,showgate2s@com.com,Male,0.65,2.4,2.07,China
Johanna,Bullman,jbullman2t@weather.com,Female,-0.37,0.82,-0.04,United States
Eadmund,Janaway,ejanaway2u@thetimes.co.uk,Male,-0.5,1.73,0.62,Russia
Ulric,Stit,ustit2v@sbwire.com,Male,-0.26,0.04,0.22,China
Tam,O'Scully,toscully2w@mtv.com,Male,-0.52,0.23,0.12,Brazil
Way,Chettoe,wchettoe2x@wired.com,Male,-0.9,-0.02,-0.74,Russia
Paxton,Jodrellec,pjodrellec2y@baidu.com,Male,0.27,0.97,1.08,Czech Republic
Dolly,Sapsed,dsapsed2z@tripod.com,Female,-1.47,0.65,0.54,Russia
Mitchael,Dutch,mdutch30@reference.com,Male,0.18,1.87,0.12,Philippines
Tonye,Grayne,tgrayne31@nps.gov,Female,-0.08,-0.08,-0.59,France
Romona,Sangwin,rsangwin32@flickr.com,Female,-0.92,1.52,0.96,Indonesia
Danny,O' Loughran,doloughran33@a8.net,Male,-0.16,0.46,-0.61,China
Persis,O'Skehan,poskehan34@myspace.com,Female,0.19,-0.12,-1.0,Armenia
Kenneth,Atterbury,katterbury35@joomla.org,Male,-0.88,1.78,-2.23,Brazil
Arliene,Czajka,aczajka36@unesco.org,Female,0.22,0.54,-0.85,United States
Lavena,Rawdall,lrawdall37@scribd.com,Female,-1.5,0.38,-1.03,Portugal
Maryellen,Lawless,mlawless38@wisc.edu,Female,0.3,-0.55,-0.42,Azerbaijan
Gilles,Hentzer,ghentzer39@issuu.com,Male,0.74,0.65,-0.07,China
Alexina,Coombes,acoombes3a@google.com.br,Female,1.33,-0.86,1.48,Russia
Audre,Winear,awinear3b@cnn.com,Female,-0.18,-0.69,-0.43,Costa Rica
Panchito,MacTrustey,pmactrustey3c@vk.com,Male,-1.19,-0.79,-0.25,Norway
Natasha,Vannacci,nvannacci3d@comcast.net,Female,-0.2,-0.36,-0.05,Argentina
Colver,Kilty,ckilty3e@yolasite.com,Male,-0.78,-0.26,1.51,China
Jamie,O'Neill,joneill3f@go.com,Male,-0.39,1.38,1.62,Sweden
Alli,Peel,apeel3g@miibeian.gov.cn,Female,1.72,0.3,-0.91,Poland
Ivan,Kegley,ikegley3h@feedburner.com,Male,-0.61,0.41,0.39,Iran
Abbye,Aspall,aaspall3i@blogtalkradio.com,Female,1.51,0.23,1.85,Poland
Parker,Arntzen,parntzen3j@toplist.cz,Male,-0.98,-0.96,-2.72,Philippines
Maje,Castellanos,mcastellanos3k@php.net,Male,1.62,-0.24,-2.39,Indonesia
Felic,Strowther,fstrowther3l@usatoday.com,Male,0.29,-1.38,0.18,Czech Republic
Kaylyn,Creany,kcreany3m@cbc.ca,Female,-0.6,-0.29,0.05,Finland
Isidor,Kimmins,ikimmins3n@europa.eu,Male,-0.22,-0.16,0.73,Vietnam
Bobby,Hennington,bhennington3o@prnewswire.com,Female,1.8,-1.05,0.48,Indonesia
Scarlett,Brunini,sbrunini3p@youtube.com,Female,0.91,-0.35,1.48,South Africa
Brenden,Viggers,bviggers3q@photobucket.com,Male,-0.15,0.3,-0.12,Luxembourg
Olivia,Houtby,ohoutby3r@slate.com,Female,-1.06,-0.86,-2.02,China
Letty,Keynd,lkeynd3s@wsj.com,Female,0.25,0.07,-2.08,China
Ignaz,Leamy,ileamy3t@upenn.edu,Male,0.28,2.35,-1.41,China
Ursola,Gringley,ugringley3u@about.me,Female,0.81,-1.17,0.77,Philippines
Zelma,McRinn,zmcrinn3v@guardian.co.uk,Female,0.09,-0.12,-1.41,China
Liz,Corderoy,lcorderoy3w@networkadvertising.org,Female,0.67,1.59,-1.19,Indonesia
David,Pateman,dpateman3x@acquirethisname.com,Male,-1.16,-0.3,-1.06,China
Umberto,McTrustrie,umctrustrie3y@opera.com,Male,-0.61,0.49,-0.98,China
Reade,Leades,rleades3z@dyndns.org,Male,-0.09,0.75,-0.62,Poland
Reagan,Spadeck,rspadeck40@sciencedaily.com,Male,-1.06,-0.66,-0.68,China
Lucias,Mapham,lmapham41@microsoft.com,Male,-1.29,-0.06,-0.4,Norway
Hamid,Gavaghan,hgavaghan42@google.de,Male,1.25,0.53,-0.93,Sweden
Elspeth,Doddemeade,edoddemeade43@nifty.com,Female,0.53,-1.45,1.67,Poland
Richy,Rutherforth,rrutherforth44@chronoengine.com,Male,0.95,-0.91,0.13,China
Minta,Roseaman,mroseaman45@cocolog-nifty.com,Female,-0.14,-0.05,0.15,France
Jeanie,Putman,jputman46@alibaba.com,Female,-1.69,-0.79,0.73,Nigeria
Patrick,Vanyard,pvanyard47@ezinearticles.com,Male,-1.72,0.32,-0.15,Philippines
Eugen,Banbrook,ebanbrook48@latimes.com,Male,-1.29,-0.06,0.85,Brazil
Rickert,Wiles,rwiles49@phoca.cz,Male,0.08,0.21,-0.33,Indonesia
Norine,Aucourte,naucourte4a@mozilla.org,Female,1.68,0.34,0.63,Russia
Barrie,Pinnegar,bpinnegar4b@typepad.com,Male,1.05,-0.36,1.19,Yemen
Carson,Chestnutt,cchestnutt4c@g.co,Male,1.62,1.21,-0.77,Ecuador
Theodor,Beldom,tbeldom4d@engadget.com,Male,-0.39,-1.32,-0.37,Argentina
Delmer,Benedicto,dbenedicto4e@prnewswire.com,Male,0.63,-0.09,-1.74,China
Giraud,Roth,groth4f@w3.org,Male,-0.71,-0.2,-0.04,Indonesia
Hanson,Hazlegrove,hhazlegrove4g@xrea.com,Male,0.41,-0.63,-0.44,Hungary
Hilton,Keasy,hkeasy4h@cdbaby.com,Male,0.06,-0.64,-1.87,Russia
Travis,Rives,trives4i@sitemeter.com,Male,-0.84,0.78,0.87,Colombia
Ned,Finnis,nfinnis4j@clickbank.net,Male,0.4,-1.66,-0.02,Ukraine
Jessamyn,Seyers,jseyers4k@flickr.com,Female,-1.43,0.62,-0.97,United States
Neilla,Fedorski,nfedorski4l@toplist.cz,Female,1.5,2.16,-0.51,Mongolia
Kane,McKew,kmckew4m@ustream.tv,Male,-0.89,-1.02,-2.28,Indonesia
Valera,Earley,vearley4n@oakley.com,Female,0.52,-1.04,-0.73,Argentina
Marisa,Donaher,mdonaher4o@netlog.com,Female,-0.46,1.62,-0.08,China
Camey,Letson,cletson4p@nationalgeographic.com,Male,-1.07,0.52,0.51,Thailand
Anastasie,Dockray,adockray4q@omniture.com,Female,-1.21,0.57,1.56,Oman
Graig,Levay,glevay4r@wikispaces.com,Male,0.14,0.72,1.32,Kazakhstan
Suzann,Huckerby,shuckerby4s@earthlink.net,Female,-0.06,-2.46,-0.63,Brazil
Robenia,Claricoats,rclaricoats4t@list-manage.com,Female,1.52,-1.26,-0.29,China
Reine,Bellow,rbellow4u@squidoo.com,Female,0.23,-1.98,0.2,France
Rodrigo,McCafferky,rmccafferky4v@ihg.com,Male,-1.04,0.77,-0.16,Finland
Britte,Hawkswell,bhawkswell4w@chronoengine.com,Female,0.95,1.58,1.35,Ukraine
Kellyann,Petrolli,kpetrolli4x@multiply.com,Female,0.01,-0.06,-0.2,China
Beau,Wagerfield,bwagerfield4y@cnet.com,Male,0.57,-0.1,0.25,Peru
Sara-ann,Pala,spala4z@behance.net,Female,-0.26,0.49,-1.11,Brazil
Crin,Kitchinham,ckitchinham50@vinaora.com,Female,0.74,0.01,1.61,Sweden
Wilek,Minichi,wminichi51@trellian.com,Male,2.05,-1.19,-1.18,Indonesia
Pebrook,Casol,pcasol52@arstechnica.com,Male,0.4,1.11,-0.48,France
Mack,Chrstine,mchrstine53@stanford.edu,Male,0.97,1.49,-0.95,China
Adria,Wagge,awagge54@csmonitor.com,Female,-0.74,0.49,-0.53,China
Madelina,Dunbar,mdunbar55@mac.com,Female,-0.85,2.12,-1.66,Portugal
Joellyn,Kerswell,jkerswell56@nydailynews.com,Female,0.31,0.23,-0.56,Tunisia
Ryley,Rosengart,rrosengart57@fastcompany.com,Male,-1.33,0.82,1.13,Kenya
Denis,Kaindl,dkaindl58@furl.net,Male,0.41,-0.41,-1.65,France
Elizabet,Buggs,ebuggs59@chronoengine.com,Female,-1.5,-0.25,-0.25,Czech Republic
Chickie,Matches,cmatches5a@adobe.com,Female,-0.08,1.64,-0.57,China
Burtie,Hayball,bhayball5b@unicef.org,Male,0.66,-0.17,0.47,Brazil
Brian,Tyzack,btyzack5c@nytimes.com,Male,-1.03,1.38,1.5,United States
Henrieta,Works,hworks5d@utexas.edu,Female,0.68,0.72,-1.24,Netherlands
Val,Giffon,vgiffon5e@istockphoto.com,Male,-0.48,-2.21,-0.58,Zimbabwe
Emmy,Jacquemy,ejacquemy5f@google.it,Female,1.52,-0.33,-0.23,Sweden
Loreen,Ledner,lledner5g@aol.com,Female,-0.76,-1.05,0.68,Portugal
Iolande,Millichip,imillichip5h@ifeng.com,Female,1.91,-0.23,-1.57,France
Tanney,Spilsbury,tspilsbury5i@quantcast.com,Male,-1.16,-0.62,-0.72,China
Tyne,Polak,tpolak5j@edublogs.org,Female,-0.24,2.28,-1.93,Philippines
Franni,Paxforde,fpaxforde5k@uol.com.br,Female,-0.63,0.32,0.2,Mexico
Tabb,Blanque,tblanque5l@furl.net,Male,1.27,3.51,1.17,Portugal
Roscoe,Moynihan,rmoynihan5m@disqus.com,Male,-1.29,-1.19,0.92,China
Beilul,Comrie,bcomrie5n@zimbio.com,Female,-0.35,-1.14,-0.63,Iran
Katerine,Lockier,klockier5o@edublogs.org,Female,-0.99,-1.16,0.89,Czech Republic
Queenie,Doull,qdoull5p@spotify.com,Female,0.49,-0.41,0.34,Philippines
Igor,Cullin,icullin5q@oracle.com,Male,-0.13,0.18,0.33,Japan
Rawley,Riall,rriall5r@wisc.edu,Male,-0.23,1.0,0.48,Dominican Republic
Jonathan,Petofi,jpetofi5s@samsung.com,Male,-0.14,-0.28,-0.84,Pakistan
El,Bayle,ebayle5t@cloudflare.com,Male,1.02,0.12,0.0,Finland
Dallas,Parysiak,dparysiak5u@slashdot.org,Male,0.21,0.3,-2.55,Armenia
Pavel,Lownie,plownie5v@oaic.gov.au,Male,0.11,-1.88,-0.69,Ethiopia
Madelena,Tynnan,mtynnan5w@chronoengine.com,Female,0.9,1.93,1.27,Indonesia
Shelton,Beagen,sbeagen5x@blogger.com,Male,-0.49,0.22,1.04,Brazil
Hobart,Kirckman,hkirckman5y@canalblog.com,Male,1.25,-1.34,-0.37,China
Genia,Rouchy,grouchy5z@senate.gov,Female,1.65,0.18,1.13,Moldova
Kathie,Meriguet,kmeriguet60@intel.com,Female,-1.54,1.66,-0.95,Mexico
Harlen,Frankes,hfrankes61@de.vu,Male,0.51,-0.15,0.5,China
Rudolf,Avo,ravo62@dion.ne.jp,Male,-1.21,-1.14,-0.86,Albania
Emma,Lambourne,elambourne63@guardian.co.uk,Female,-0.24,0.28,-0.1,Philippines
Marin,Huddy,mhuddy64@indiatimes.com,Female,1.04,-0.91,-0.97,Indonesia
Robbyn,Charpin,rcharpin65@reference.com,Female,1.46,-0.61,1.61,Portugal
Pamela,Kilfedder,pkilfedder66@chronoengine.com,Female,0.97,-1.77,0.9,France
Yetta,Dullard,ydullard67@un.org,Female,0.7,1.01,0.83,Philippines
Sascha,Purslow,spurslow68@uol.com.br,Female,0.13,1.76,0.31,Mexico
Haley,Macknish,hmacknish69@cnn.com,Female,-1.01,-0.58,-0.71,China
Olimpia,Smallcomb,osmallcomb6a@icio.us,Female,0.09,-0.95,-2.02,China
Tedman,Klehn,tklehn6b@simplemachines.org,Male,-0.42,-1.36,-0.55,Haiti
Adoree,Canlin,acanlin6c@yolasite.com,Female,0.17,1.63,1.13,Indonesia
Julianne,Crowdace,jcrowdace6d@techcrunch.com,Female,-0.46,0.82,-0.92,Indonesia
Donnie,Algie,dalgie6e@yelp.com,Female,1.72,1.93,-1.97,Philippines
Sunshine,Stampfer,sstampfer6f@amazon.co.jp,Female,0.04,1.02,0.92,Indonesia
Gustav,Skingley,gskingley6g@sourceforge.net,Male,-0.51,-1.0,1.3,Brazil
Cilka,Durtnell,cdurtnell6h@mapquest.com,Female,0.01,1.4,-0.93,South Korea
Trent,Tomich,ttomich6i@mozilla.com,Male,0.31,-0.78,0.19,China
Muffin,Jeroch,mjeroch6j@ft.com,Female,-0.26,0.22,1.07,Argentina
Nathanial,Kemmet,nkemmet6k@intel.com,Male,0.3,0.51,-0.78,Brazil
Brant,Santry,bsantry6l@wp.com,Male,-1.65,0.33,1.44,Indonesia
Vance,Kryzhov,vkryzhov6m@yahoo.com,Male,-1.83,-1.19,-0.87,China
Gris,Fransson,gfransson6n@webeden.co.uk,Male,1.87,-0.07,1.18,Brazil
Sammie,Dessent,sdessent6o@irs.gov,Male,0.58,-0.99,0.23,Sweden
Marie-jeanne,Badwick,mbadwick6p@parallels.com,Female,-0.61,1.22,0.23,Bulgaria
Kenton,Hassin,khassin6q@yale.edu,Male,-0.86,0.59,-1.1,Ivory Coast
Janel,Pauler,jpauler6r@omniture.com,Female,-0.47,-0.37,-0.35,Russia
Ellie,Droogan,edroogan6s@sourceforge.net,Female,-0.3,-0.57,0.87,Philippines
Johna,Streight,jstreight6t@foxnews.com,Female,-0.42,0.43,-0.94,Poland
Bond,Itzakovitz,bitzakovitz6u@nytimes.com,Male,1.64,0.16,-0.97,China
Ree,Royden,rroyden6v@elpais.com,Female,0.63,-0.34,-0.94,Philippines
Jaimie,Lipp,jlipp6w@cargocollective.com,Male,-0.2,-1.88,-2.21,Portugal
Guillermo,Caldicott,gcaldicott6x@aboutads.info,Male,-0.94,0.63,-1.12,Indonesia
Nolie,Gleaves,ngleaves6y@icq.com,Female,-2.41,-0.63,0.48,China
Addison,Dermott,adermott6z@acquirethisname.com,Male,-1.21,0.74,-0.61,Japan
Debor,Proffer,dproffer70@angelfire.com,Female,-0.92,-0.75,-0.33,Indonesia
Meredith,Laviss,mlaviss71@columbia.edu,Male,-0.61,0.06,-0.99,Russia
Henrie,Higbin,hhigbin72@dailymotion.com,Female,-0.48,-0.33,-0.95,Uganda
Bent,Langforth,blangforth73@newsvine.com,Male,-0.69,-0.95,0.42,Japan
Eugene,Bengtson,ebengtson74@nationalgeographic.com,Male,-0.15,-1.25,-0.7,Jordan
Viviene,Wagner,vwagner75@facebook.com,Female,0.2,1.62,-0.9,Croatia
Leupold,Patrickson,lpatrickson76@blinklist.com,Male,1.06,-0.29,-1.46,Indonesia
Isacco,Darwen,idarwen77@netvibes.com,Male,0.02,-0.74,-1.74,China
Melonie,Longstaff,mlongstaff78@typepad.com,Female,-1.04,0.64,0.5,Japan
Hugo,Odcroft,hodcroft79@sohu.com,Male,-0.09,0.55,0.6,Czech Republic
Franky,Sergeant,fsergeant7a@state.gov,Female,-2.61,0.79,-1.43,Peru
Paulie,Rickert,prickert7b@ucoz.ru,Male,0.27,-1.09,-0.25,China
Del,Grzelak,dgrzelak7c@typepad.com,Male,0.63,-0.13,-0.26,China
Sadye,Hubane,shubane7d@hexun.com,Female,0.22,0.09,-0.9,China
Kristyn,Pesik,kpesik7e@eepurl.com,Female,-0.37,0.07,-0.18,Sweden
Christophorus,Simion,csimion7f@privacy.gov.au,Male,0.81,-1.59,-0.25,China
Jo,Martonfi,jmartonfi7g@yolasite.com,Male,-2.14,-1.27,-0.24,Canada
Joni,Kington,jkington7h@youku.com,Female,-1.23,-1.4,0.85,China
Creigh,M'Quhan,cmquhan7i@canalblog.com,Male,-1.9,-0.17,0.42,Indonesia
Rowen,Painswick,rpainswick7j@free.fr,Male,-1.08,-0.31,1.68,Indonesia
Shurlock,Wannop,swannop7k@yellowbook.com,Male,-1.15,1.57,0.27,Indonesia
Winfred,Weatherburn,wweatherburn7l@flavors.me,Male,-1.24,0.53,1.26,United States
Augustin,Eynon,aeynon7m@eventbrite.com,Male,-2.74,-1.54,-0.19,Russia
Alphonse,Lindermann,alindermann7n@deviantart.com,Male,1.2,0.36,-2.1,Greece
Deloria,Benn,dbenn7o@kickstarter.com,Female,0.27,-1.44,-0.13,Slovenia
Hailey,Tickle,htickle7p@blogger.com,Male,0.96,1.47,0.34,China
Alejandro,Kingerby,akingerby7q@clickbank.net,Male,1.12,1.61,0.28,Poland
Latia,Jepps,ljepps7r@blinklist.com,Female,1.22,-0.52,1.07,Belarus
Hewett,Jost,hjost7s@sbwire.com,Male,-0.62,-0.82,-0.62,Latvia
Katleen,Fitzsymonds,kfitzsymonds7t@posterous.com,Female,-0.6,0.73,-1.94,Thailand
Calla,Riccio,criccio7u@chron.com,Female,-1.05,-0.76,1.1,China
Cele,Royds,croyds7v@buzzfeed.com,Female,-1.11,0.8,0.37,Sweden
Aubree,Twinbourne,atwinbourne7w@salon.com,Female,1.08,0.42,-1.12,Brazil
Demetria,Chelam,dchelam7x@twitpic.com,Female,-0.97,0.88,-0.77,China
Martynne,Dungee,mdungee7y@taobao.com,Female,0.15,-0.37,0.26,Colombia
Hill,Sedman,hsedman7z@w3.org,Male,1.22,-0.52,1.04,United States
Josias,Langran,jlangran80@angelfire.com,Male,0.7,-1.47,-0.31,Philippines
Menard,Andrin,mandrin81@java.com,Male,-0.26,0.71,0.37,Indonesia
Shayne,Lumbly,slumbly82@e-recht24.de,Female,2.22,-0.5,-0.25,Kosovo
Ashby,Snepp,asnepp83@cmu.edu,Male,-0.8,-0.86,-0.35,Iran
Adolphus,Scourfield,ascourfield84@webs.com,Male,0.08,-1.57,-0.22,Croatia
Gerome,Thurlbeck,gthurlbeck85@lycos.com,Male,-0.43,0.06,-0.47,Brazil
Emmit,Mouton,emouton86@google.com,Male,-0.92,0.08,0.52,Russia
Douglass,Epelett,depelett87@bravesites.com,Male,-0.84,-0.54,-0.26,Ukraine
Darsey,Eastby,deastby88@tiny.cc,Female,-1.12,0.13,-0.01,Indonesia
Jens,Cockran,jcockran89@cpanel.net,Male,0.95,-0.34,-0.52,Syria
Wynn,Cowcha,wcowcha8a@arizona.edu,Female,0.09,-0.42,1.69,China
Leda,Stuckley,lstuckley8b@dot.gov,Female,-1.67,0.5,0.54,Panama
Urbano,Hamm,uhamm8c@netlog.com,Male,1.67,1.18,-0.6,Russia
Catina,Tomaszewski,ctomaszewski8d@acquirethisname.com,Female,-1.33,1.05,1.21,China
Dulsea,Congreave,dcongreave8e@java.com,Female,-0.97,0.35,0.92,China
Kalie,Ielden,kielden8f@cnet.com,Female,0.47,-0.53,-0.94,Tanzania
Konstantine,Buller,kbuller8g@ca.gov,Male,1.04,0.27,1.65,Mexico
Agnese,Wagenen,awagenen8h@jiathis.com,Female,-1.27,1.62,0.37,Ukraine
Alva,Deal,adeal8i@ibm.com,Male,-0.87,-0.32,-0.27,Poland
Lainey,Cosbee,lcosbee8j@flickr.com,Female,-0.07,0.65,-0.06,China
Morgen,aManger,mamanger8k@deliciousdays.com,Female,0.0,0.35,-1.87,Russia
Orazio,Rivett,orivett8l@msn.com,Male,-0.49,1.05,0.38,Indonesia
Lucine,Lytell,llytell8m@scientificamerican.com,Female,-1.21,-0.16,0.22,Netherlands
Haydon,Kohter,hkohter8n@noaa.gov,Male,-0.28,1.03,-0.97,Brazil
Amalia,Martinyuk,amartinyuk8o@mit.edu,Female,-1.35,-0.16,0.15,Japan
Vaughn,Flacknoe,vflacknoe8p@blogs.com,Male,-0.16,-0.33,-1.36,Mexico
Meredith,Ogborn,mogborn8q@meetup.com,Female,-1.0,2.26,1.16,Serbia
Hartwell,Gilks,hgilks8r@unblog.fr,Male,1.74,1.28,0.85,Brazil
Barr,Mussared,bmussared8s@dailymail.co.uk,Male,-0.32,0.59,0.77,China
Ulysses,Volleth,uvolleth8t@purevolume.com,Male,-1.09,-0.42,1.16,Tunisia
Flore,Pele,fpele8u@hp.com,Female,-0.94,-0.25,0.12,South Korea
Tessa,McCosker,tmccosker8v@a8.net,Female,-0.16,-1.61,-0.18,Bosnia and Herzegovina
Adam,Pring,apring8w@china.com.cn,Male,0.44,1.0,0.78,Portugal
Imogene,Stud,istud8x@unicef.org,Female,-3.25,0.91,1.19,Russia
Hewitt,McGavigan,hmcgavigan8y@loc.gov,Male,0.05,0.06,-0.7,Sweden
Donnajean,Probet,dprobet8z@hugedomains.com,Female,-0.56,-1.37,1.41,Poland
Ellynn,Potebury,epotebury90@pbs.org,Female,-0.56,-1.84,0.6,Indonesia
Broderic,Errichi,berrichi91@dropbox.com,Male,-1.47,-2.61,-0.17,Latvia
Becka,Kalf,bkalf92@xrea.com,Female,0.59,1.25,-1.02,Haiti
Fiorenze,Joseff,fjoseff93@g.co,Female,0.13,-0.07,0.45,Kiribati
Daryl,Pratte,dpratte94@tripadvisor.com,Female,-0.45,-0.02,-0.6,Philippines
Dena,Tutchener,dtutchener95@google.es,Female,1.7,-0.18,0.59,Norway
Francklin,Major,fmajor96@ycombinator.com,Male,-0.39,1.31,-0.02,Indonesia
Jilli,Lenin,jlenin97@reference.com,Female,0.42,-1.85,-1.39,Greece
Pattin,Catlow,pcatlow98@dion.ne.jp,Male,-1.08,-1.1,-0.38,Russia
Willie,Elmore,welmore99@cmu.edu,Male,-0.55,1.81,-0.08,Canada
Franklin,Capnerhurst,fcapnerhurst9a@bloomberg.com,Male,0.72,-0.61,1.11,Iran
Thorvald,Hurley,thurley9b@arizona.edu,Male,-0.1,-0.67,0.75,Indonesia
Pammy,Bould,pbould9c@mail.ru,Female,-0.41,-0.2,4.2,Hungary
Jamesy,Beidebeke,jbeidebeke9d@com.com,Male,-0.48,0.74,0.08,Australia
Vergil,de Quesne,vdequesne9e@state.tx.us,Male,1.69,0.82,-0.7,Mexico
Hatti,Turpin,hturpin9f@google.com.hk,Female,0.16,1.48,-2.91,China
Beverie,Lejeune,blejeune9g@icio.us,Female,-0.41,-0.3,0.35,Peru
Hale,McMillan,hmcmillan9h@yellowpages.com,Male,-0.36,-0.75,-0.07,China
Arlen,Marlin,amarlin9i@icq.com,Female,1.25,-1.03,0.22,North Korea
Layney,Greenalf,lgreenalf9j@bigcartel.com,Female,-1.47,0.22,0.41,Mexico
Andrea,Windmill,awindmill9k@google.es,Male,-0.16,0.03,-1.08,United States
Brendis,Well,bwell9l@list-manage.com,Male,-1.38,0.1,1.43,Afghanistan
Vicki,Beaty,vbeaty9m@drupal.org,Female,-1.15,-0.59,-1.56,China
Sydney,Glanester,sglanester9n@yahoo.co.jp,Female,-0.01,2.4,0.3,South Korea
Gillian,Esom,gesom9o@cdbaby.com,Female,1.17,-0.16,-0.98,Poland
Koral,Fitzroy,kfitzroy9p@friendfeed.com,Female,1.19,-0.89,1.24,United States
Shawn,Aysh,saysh9q@comsenz.com,Male,-1.34,0.04,-0.13,Reunion
Anthia,Grim,agrim9r@weather.com,Female,0.78,-1.38,-1.31,Japan
Don,Hearty,dhearty9s@ifeng.com,Male,-0.19,0.85,-0.01,Pakistan
Augy,Wells,awells9t@cloudflare.com,Male,-0.0,-1.26,-0.31,Liberia
Wanids,Wathall,wwathall9u@mac.com,Female,2.51,0.42,-1.64,China
Meyer,Gallanders,mgallanders9v@china.com.cn,Male,-0.67,-0.93,-1.13,Poland
Jarvis,Samsonsen,jsamsonsen9w@cbc.ca,Male,-0.79,-1.27,1.12,China
Jephthah,Lewknor,jlewknor9x@wunderground.com,Male,0.46,0.0,0.28,Sweden
Heywood,Spickett,hspickett9y@reference.com,Male,-0.86,-1.29,0.12,Poland
Borg,Skews,bskews9z@alibaba.com,Male,-0.96,0.57,0.22,Malawi
Mikael,Ravenscroft,mravenscrofta0@blogtalkradio.com,Male,-0.55,0.55,-0.3,China
Isador,Lancett,ilancetta1@tinypic.com,Male,1.7,0.44,1.82,Colombia
Angil,Ashness,aashnessa2@cocolog-nifty.com,Female,-0.59,-0.92,0.12,Latvia
Suki,Pacquet,spacqueta3@booking.com,Female,-0.58,1.82,1.26,Sweden
Ase,Krimmer,akrimmera4@tuttocitta.it,Male,0.84,-0.18,-1.58,Panama
Hetti,Gotmann,hgotmanna5@bigcartel.com,Female,0.67,-0.3,0.09,Portugal
Anya,Pagen,apagena6@newyorker.com,Female,-1.69,-0.19,0.25,Colombia
Gretta,Dugue,gduguea7@opensource.org,Female,1.04,-0.01,0.75,Indonesia
Corine,Dovington,cdovingtona8@parallels.com,Female,-0.6,-0.22,0.49,China
Keary,Garatty,kgarattya9@examiner.com,Male,-0.44,-0.06,-0.28,Poland
Jillie,Hayen,jhayenaa@nifty.com,Female,-0.7,0.4,1.62,Costa Rica
Carlota,Housin,chousinab@issuu.com,Female,0.41,-0.33,-0.89,Portugal
Danyelle,Sturley,dsturleyac@si.edu,Female,1.89,0.1,-0.07,Indonesia
Jillie,Lenton,jlentonad@blogs.com,Female,-0.53,-0.22,-0.28,Russia
Gaylene,Cleef,gcleefae@earthlink.net,Female,-1.22,1.87,-0.4,France
Willow,Blasiak,wblasiakaf@dailymotion.com,Female,0.13,0.81,-0.74,Iran
Carson,Burrow,cburrowag@samsung.com,Male,0.79,0.43,0.15,Poland
Verena,Bruno,vbrunoah@techcrunch.com,Female,-0.77,-0.15,-0.67,Slovenia
Marguerite,Gyrgorwicx,mgyrgorwicxai@merriam-webster.com,Female,-0.18,1.35,0.43,China
Tobit,Schutt,tschuttaj@mysql.com,Male,1.34,-1.44,-0.15,Italy
Sadella,Fleury,sfleuryak@seesaa.net,Female,0.12,0.45,0.66,Japan
Friederike,Netti,fnettial@xinhuanet.com,Female,-0.56,-1.33,1.1,Spain
Zane,Worge,zworgeam@mozilla.com,Male,-0.39,-0.33,0.08,Philippines
Milly,Shefton,msheftonan@gov.uk,Female,-1.36,0.63,-3.13,Argentina
Art,Warnes,awarnesao@homestead.com,Male,-0.73,-0.01,-1.19,China
Arabele,Tejada,atejadaap@altervista.org,Female,-1.42,-0.8,-1.53,Greece
Philippa,Cayzer,pcayzeraq@guardian.co.uk,Female,-0.13,-0.12,-0.52,Slovenia
Shepperd,Matches,smatchesar@state.tx.us,Male,-1.21,0.32,0.85,China
Vita,Odd,voddas@sitemeter.com,Female,-0.51,-0.1,-0.96,Philippines
Linnell,Mowbray,lmowbrayat@bloglines.com,Female,-2.59,-0.67,-1.75,China
Bat,Bernardes,bbernardesau@msn.com,Male,-1.99,-0.03,0.0,Colombia
Kiele,Benkhe,kbenkheav@blogs.com,Female,0.45,-0.68,-0.62,Philippines
Quincey,Foxcroft,qfoxcroftaw@devhub.com,Male,0.1,1.14,-0.97,China
Antonie,Roels,aroelsax@quantcast.com,Female,-1.21,1.45,0.25,China
Roselin,Dyka,rdykaay@chronoengine.com,Female,-0.47,0.39,1.15,France
Manda,Laurentin,mlaurentinaz@indiegogo.com,Female,-1.46,-0.12,-0.89,China
Milly,O'Kenny,mokennyb0@cbc.ca,Female,0.88,-0.28,-0.28,China
Demetra,Litster,dlitsterb1@washington.edu,Female,-1.86,1.16,0.86,Ukraine
Jobi,Wagon,jwagonb2@jugem.jp,Female,-0.28,-0.26,0.56,China
Dana,Titchmarsh,dtitchmarshb3@oakley.com,Male,0.58,1.26,1.38,Brazil
Jillayne,Willerton,jwillertonb4@guardian.co.uk,Female,-0.47,-0.35,1.02,Poland
Quintin,Brissenden,qbrissendenb5@unblog.fr,Male,0.56,-1.37,1.01,China
Cal,Neward,cnewardb6@samsung.com,Female,-0.14,0.14,0.53,Cuba
Adelaide,Pentycost,apentycostb7@google.es,Female,-1.59,0.29,-0.75,Hong Kong
Cara,Kaman,ckamanb8@auda.org.au,Female,1.8,-0.88,2.08,Brazil
Wenonah,Corbert,wcorbertb9@ifeng.com,Female,-0.41,-1.12,-1.6,United States
Geno,Girdwood,ggirdwoodba@skype.com,Male,1.95,0.01,1.16,Indonesia
Arlin,Maha,amahabb@eepurl.com,Male,-0.52,-0.19,2.61,China
Lida,Dedrick,ldedrickbc@skype.com,Female,0.6,-0.03,-0.43,China
Marina,Heinrich,mheinrichbd@alibaba.com,Female,-2.65,0.76,1.4,China
Stanfield,Luggar,sluggarbe@macromedia.com,Male,-1.46,-0.22,-0.44,Russia
Shanda,Hysom,shysombf@pinterest.com,Female,-0.57,1.54,-0.22,China
Tynan,Eglinton,teglintonbg@networkadvertising.org,Male,-0.52,1.19,-1.5,Japan
Mariam,Kays,mkaysbh@upenn.edu,Female,-0.48,0.87,-0.22,Philippines
Felice,Pringle,fpringlebi@a8.net,Male,-1.56,0.15,-0.07,Philippines
Ana,Duncan,aduncanbj@cornell.edu,Female,-0.32,0.7,0.97,Egypt
Rogerio,Konertz,rkonertzbk@sbwire.com,Male,-0.94,-0.85,0.24,Russia
Phil,Pleming,pplemingbl@latimes.com,Female,-0.11,0.67,-0.47,China
Mendel,Galliard,mgalliardbm@fc2.com,Male,-0.72,-0.15,-0.4,Vietnam
Brodie,Drinkall,bdrinkallbn@phpbb.com,Male,0.53,-0.37,-0.15,Armenia
Biron,Wiffield,bwiffieldbo@cocolog-nifty.com,Male,1.53,0.42,0.14,China
Guinna,Widdup,gwiddupbp@shinystat.com,Female,1.81,0.73,-0.46,Russia
Augustine,Wass,awassbq@etsy.com,Male,0.35,0.16,-0.42,Colombia
Perry,Pantlin,ppantlinbr@usgs.gov,Male,0.25,-0.04,-0.26,Morocco
Buffy,Ridhole,bridholebs@zimbio.com,Female,1.88,-0.75,-3.26,China
Lianne,Oiseau,loiseaubt@altervista.org,Female,1.58,0.69,-0.61,Colombia
Inez,Huburn,ihuburnbu@odnoklassniki.ru,Female,0.65,-1.12,-0.04,North Korea
Hinda,Wallbridge,hwallbridgebv@dyndns.org,Female,-0.08,1.72,0.87,China
Jobie,Border,jborderbw@reference.com,Female,0.46,1.11,-0.92,China
Sherlocke,Fentem,sfentembx@usgs.gov,Male,1.11,0.6,-0.34,Brazil
Wynne,Samuels,wsamuelsby@usa.gov,Female,0.85,0.47,-0.1,China
Ikey,Stroobant,istroobantbz@google.pl,Male,-0.45,-0.05,0.0,Poland
Alessandra,Tomsa,atomsac0@hubpages.com,Female,-0.06,0.91,-1.48,Sweden
Galina,Grayer,ggrayerc1@telegraph.co.uk,Female,0.88,1.4,1.49,Mexico
Holly,Riep,hriepc2@webeden.co.uk,Male,-1.38,0.7,-0.98,Russia
Roderich,Dovey,rdoveyc3@acquirethisname.com,Male,-0.9,0.03,-0.77,Indonesia
Eugenio,Heading,eheadingc4@shareasale.com,Male,1.24,-1.46,0.01,Kosovo
Wallis,McGettrick,wmcgettrickc5@dedecms.com,Female,0.86,1.09,0.51,China
Ky,McAuslene,kmcauslenec6@pcworld.com,Male,-1.66,0.1,1.4,Indonesia
Piotr,Pettman,ppettmanc7@hhs.gov,Male,0.74,-0.62,-0.57,Argentina
Doe,Tant,dtantc8@altervista.org,Female,-0.17,0.23,1.9,China
Denny,Tessier,dtessierc9@mapquest.com,Female,-1.1,0.21,-0.08,Colombia
Buck,Hewes,bhewesca@sun.com,Male,-0.76,-1.46,-1.03,Serbia
Paddie,Dreier,pdreiercb@prnewswire.com,Male,-0.38,1.03,1.7,China
Tiffy,Ondrus,tondruscc@addtoany.com,Female,0.7,-1.39,-0.01,Mongolia
Arlene,McSpirron,amcspirroncd@reference.com,Female,-0.93,-0.26,1.27,Indonesia
Barri,Drews,bdrewsce@admin.ch,Male,-0.65,-0.07,0.08,China
Emelia,Bedo,ebedocf@msu.edu,Female,-0.12,-1.23,0.42,Indonesia
Laurena,Schimoni,lschimonicg@earthlink.net,Female,0.52,-0.99,-1.31,Colombia
Geno,Dechelle,gdechellech@theatlantic.com,Male,-1.83,-0.72,-1.08,United States
Evvie,Hollebon,ehollebonci@techcrunch.com,Female,0.02,-0.37,0.03,Indonesia
Bart,Rymmer,brymmercj@homestead.com,Male,-0.66,-0.2,0.5,China
Holly,Cable,hcableck@nsw.gov.au,Male,0.81,1.63,0.36,China
Vinita,Matveiko,vmatveikocl@illinois.edu,Female,0.94,1.22,0.41,Hungary
Brooks,Davidsen,bdavidsencm@google.co.jp,Female,1.2,0.73,-0.92,Guatemala
Tami,Goldwater,tgoldwatercn@gnu.org,Female,-1.52,0.22,-0.05,Russia
Isidor,Jauncey,ijaunceyco@yahoo.com,Male,0.12,0.18,1.02,Indonesia
Onfre,Briston,obristoncp@intel.com,Male,-0.45,-0.72,-0.15,Ireland
Dierdre,Revan,drevancq@bloglovin.com,Female,-0.66,1.06,-1.91,China
Katuscha,Mangan,kmangancr@dmoz.org,Female,0.52,-0.22,1.35,China
Nerte,Schmuhl,nschmuhlcs@kickstarter.com,Female,-0.08,-0.01,0.15,China
Tamera,Izachik,tizachikct@bing.com,Female,0.65,-1.09,1.41,South Africa
Harald,Drescher,hdreschercu@live.com,Male,0.64,-1.2,-0.5,Russia
Vally,Cary,vcarycv@themeforest.net,Female,0.36,-1.17,-0.63,Brazil
Starr,Blacklock,sblacklockcw@weibo.com,Female,0.13,-0.02,-0.65,China
Duffy,Binnes,dbinnescx@ucoz.com,Male,-0.69,-0.28,-1.0,Sweden
Steffane,Limming,slimmingcy@bandcamp.com,Female,0.12,0.01,-0.95,China
Neal,Fido,nfidocz@virginia.edu,Male,-0.45,-0.14,-0.21,Paraguay
Grace,Guerre,gguerred0@hao123.com,Male,-0.5,-0.81,0.03,Japan
Joanie,Jephson,jjephsond1@shareasale.com,Female,-0.29,-1.24,-0.43,Sweden
Sibby,Whisby,swhisbyd2@alibaba.com,Female,-0.88,-0.59,-0.45,Russia
Staci,Hirthe,shirthed3@paypal.com,Female,2.1,1.37,0.52,China
Thibaut,Bousler,tbouslerd4@weebly.com,Male,-0.49,-0.23,-0.26,China
Hedvig,Ewdale,hewdaled5@instagram.com,Female,1.48,-0.81,0.45,Russia
Rosabella,Wiggam,rwiggamd6@blog.com,Female,0.31,0.84,0.67,Argentina
Papageno,McCall,pmccalld7@usgs.gov,Male,-1.04,0.96,-0.66,Sweden
Shayna,Chadwyck,schadwyckd8@nydailynews.com,Female,0.57,-0.97,0.83,Italy
Gayler,Lamshead,glamsheadd9@dedecms.com,Male,-0.28,-0.05,-0.52,Czech Republic
Jackie,Lepper,jlepperda@businesswire.com,Male,0.99,-0.75,0.35,Sweden
Shelly,Sandeman,ssandemandb@businessweek.com,Female,1.35,0.05,0.09,Czech Republic
Timmy,Gurden,tgurdendc@wp.com,Male,-1.86,0.76,-0.02,Indonesia
Dick,Wesley,dwesleydd@lulu.com,Male,-0.16,-0.86,-1.78,Philippines
Carmela,Calfe,ccalfede@pinterest.com,Female,-0.17,-0.07,-1.26,Tajikistan
Garrard,McTrustam,gmctrustamdf@guardian.co.uk,Male,0.59,0.7,-0.95,Philippines
Selie,Dannohl,sdannohldg@usda.gov,Female,-1.19,-0.47,-1.22,Canada
Markus,Vaudrey,mvaudreydh@ebay.com,Male,0.55,0.04,-1.94,Indonesia
Myles,Nono,mnonodi@imgur.com,Male,0.59,0.02,1.0,Indonesia
Giuditta,Labram,glabramdj@cnbc.com,Female,-0.58,-0.8,0.46,Indonesia
Claudian,Kilmary,ckilmarydk@chicagotribune.com,Male,-0.22,0.66,-0.59,China
Demetra,Khomishin,dkhomishindl@linkedin.com,Female,-1.12,0.79,0.39,Micronesia
Brittan,Champken,bchampkendm@soundcloud.com,Female,-1.23,-0.35,-0.53,Kazakhstan
Benoite,Sokill,bsokilldn@mozilla.org,Female,0.52,-0.56,-0.64,Colombia
Deck,Gallatly,dgallatlydo@princeton.edu,Male,1.61,-0.06,-0.08,Kenya
Chelsea,Puller,cpullerdp@live.com,Female,-0.86,-1.01,-0.24,Indonesia
Vincents,Ainsley,vainsleydq@odnoklassniki.ru,Male,-0.1,0.28,0.96,Iran
Shurlock,Spybey,sspybeydr@acquirethisname.com,Male,-0.11,-0.15,-0.23,Vietnam
Tracee,Sember,tsemberds@ask.com,Female,3.1,-0.82,1.64,Japan
Jennica,Everson,jeversondt@dropbox.com,Female,-3.49,0.56,0.1,Thailand
Adrianna,Hammerson,ahammersondu@theatlantic.com,Female,1.66,-0.33,-0.58,Japan
Oberon,Tatford,otatforddv@youtu.be,Male,-0.3,1.22,0.63,China
Aila,Habergham,ahaberghamdw@biglobe.ne.jp,Female,-1.19,-0.63,0.97,China
Codi,Houson,chousondx@about.me,Male,-1.29,-0.52,-0.86,Croatia
Deedee,Bartosinski,dbartosinskidy@yelp.com,Female,0.96,-0.86,-0.21,Russia
Riley,Olander,rolanderdz@slideshare.net,Male,-1.24,-0.13,-0.17,China
Lilian,Bearsmore,lbearsmoree0@hp.com,Female,0.69,1.17,0.54,China
Adelheid,Heersema,aheersemae1@berkeley.edu,Female,0.37,1.95,-0.79,Pakistan
North,Goseling,ngoselinge2@harvard.edu,Male,0.81,0.61,-1.51,Philippines
Bili,Trusty,btrustye3@oaic.gov.au,Female,-1.35,-0.28,-0.53,Portugal
Salomi,Baroche,sbarochee4@latimes.com,Female,-1.9,-0.01,0.59,Indonesia
Joyann,Goracci,jgoraccie5@admin.ch,Female,1.85,-0.16,-1.24,Colombia
Quinn,Extence,qextencee6@fda.gov,Male,0.98,-0.49,1.39,Philippines
Alford,Bamblett,abamblette7@360.cn,Male,-0.21,1.29,-0.54,Indonesia
Harbert,Whitney,hwhitneye8@cloudflare.com,Male,-0.85,1.96,-0.55,Indonesia
Garrot,Pick,gpicke9@java.com,Male,-0.19,0.19,-0.36,Costa Rica
Bing,O'Scannill,boscannillea@state.tx.us,Male,0.03,-1.32,-1.3,United States
Melisande,Urvoy,murvoyeb@tamu.edu,Female,1.92,-0.95,-0.51,Philippines
Toma,Monard,tmonardec@photobucket.com,Female,-0.62,-1.07,1.07,Ukraine
Astrid,Stoltz,astoltzed@harvard.edu,Female,0.31,1.14,1.85,China
Marybelle,McKeller,mmckelleree@google.co.uk,Female,-1.24,-1.78,-0.5,China
Gerhard,Aslin,gaslinef@goodreads.com,Male,-0.6,1.12,-1.18,China
Justino,Dieton,jdietoneg@squarespace.com,Male,-1.16,-0.4,-1.58,Brazil
Keir,Ronchetti,kronchettieh@webs.com,Male,0.42,2.03,-0.19,China
Morley,Selesnick,mselesnickei@google.com.hk,Male,1.44,0.71,0.07,China
Sky,Worrall,sworrallej@nbcnews.com,Male,1.13,0.47,1.09,Palestinian Territory
Drake,Gamwell,dgamwellek@oaic.gov.au,Male,0.57,0.97,0.24,Sweden
Jone,Toffoletto,jtoffolettoel@businessweek.com,Male,-1.88,0.6,-0.84,China
Wandie,Drayn,wdraynem@slate.com,Female,-0.15,-0.4,0.03,Poland
Tabatha,Gebhard,tgebharden@amazonaws.com,Female,0.27,-1.27,-0.58,China
Cal,Wiseman,cwisemaneo@last.fm,Male,-0.07,0.82,-1.62,Nigeria
Davidde,Salsberg,dsalsbergep@msu.edu,Male,-1.09,0.77,0.45,Germany
Hill,Cowgill,hcowgilleq@symantec.com,Male,-0.5,0.53,-0.12,Sweden
Fleurette,Heugle,fheugleer@xrea.com,Female,0.24,-0.14,0.62,Indonesia
Richy,Costain,rcostaines@sciencedaily.com,Male,0.78,0.38,1.01,Japan
Jacinda,Jack,jjacket@tmall.com,Female,-0.5,-1.3,0.13,Ukraine
Wernher,Messitt,wmessitteu@nhs.uk,Male,0.13,0.86,2.64,Yemen
Pyotr,Devers,pdeversev@techcrunch.com,Male,-0.43,0.85,-1.03,Croatia
Leoine,Dovermann,ldovermannew@illinois.edu,Female,1.21,-1.41,-0.84,Indonesia
Bamby,Janks,bjanksex@google.es,Female,-0.75,0.7,0.74,China
Dermot,Joisce,djoisceey@people.com.cn,Male,1.26,0.3,1.87,Indonesia
Myrah,Linnard,mlinnardez@redcross.org,Female,-0.04,0.71,0.51,China
Tori,Goodoune,tgoodounef0@webeden.co.uk,Female,0.65,1.74,-1.07,Indonesia
Farrel,Rollings,frollingsf1@is.gd,Male,2.0,0.28,-3.07,Philippines
Boniface,Norker,bnorkerf2@123-reg.co.uk,Male,0.17,0.55,-1.0,China
Timmie,Eland,telandf3@independent.co.uk,Male,-0.14,-0.9,0.79,Philippines
Kevon,Arkin,karkinf4@latimes.com,Male,0.79,-0.85,1.05,Peru
Kerstin,Shotbolt,kshotboltf5@redcross.org,Female,0.05,2.25,0.24,Slovenia
Salvidor,Bengle,sbenglef6@51.la,Male,0.46,-0.28,-0.42,Cyprus
Jenny,Sture,jsturef7@google.com.br,Female,1.19,0.51,0.09,China
Matelda,Tothacot,mtothacotf8@behance.net,Female,0.25,0.6,0.15,China
Hagen,Jasiak,hjasiakf9@sourceforge.net,Male,-0.59,0.03,0.46,Portugal
Sauncho,Refford,sreffordfa@bluehost.com,Male,-0.26,-0.53,-0.18,Indonesia
Erinn,Chestnut,echestnutfb@stumbleupon.com,Female,1.24,-0.28,0.26,Indonesia
Jeri,Rubertis,jrubertisfc@imgur.com,Female,0.69,0.05,0.29,Honduras
Charline,Wraggs,cwraggsfd@aol.com,Female,0.99,-0.77,1.21,Indonesia
Nikaniki,Feye,nfeyefe@twitter.com,Female,2.7,1.27,0.29,Greece
Robbert,Stubbes,rstubbesff@techcrunch.com,Male,-0.17,-1.12,-0.36,Czech Republic
Pip,Smeall,psmeallfg@altervista.org,Male,0.65,0.92,1.31,China
Quint,Broadist,qbroadistfh@ucsd.edu,Male,1.11,-0.77,0.42,Indonesia
Frannie,Gosart,fgosartfi@storify.com,Female,0.52,0.12,0.05,Japan
Tailor,Stidson,tstidsonfj@barnesandnoble.com,Male,-2.1,-0.11,-0.75,United States
North,Pilch,npilchfk@meetup.com,Male,-0.28,0.25,0.85,Ukraine
Raleigh,Arden,rardenfl@ed.gov,Male,-0.25,0.56,2.35,United States
Brian,Smissen,bsmissenfm@mac.com,Male,0.97,0.07,-0.38,Peru
Daile,Doswell,ddoswellfn@ow.ly,Female,0.39,-1.47,-1.57,Mauritius
Ansell,McGilleghole,amcgillegholefo@sourceforge.net,Male,0.58,1.28,-0.16,Kazakhstan
Jeniece,Sheavills,jsheavillsfp@newyorker.com,Female,-1.41,-1.16,-1.08,Indonesia
Lyda,Dreelan,ldreelanfq@w3.org,Female,1.15,0.26,0.06,China
Kaja,Coverley,kcoverleyfr@gravatar.com,Female,0.72,0.73,0.61,China
Traci,Legerton,tlegertonfs@chicagotribune.com,Female,0.7,1.24,-0.55,Sweden
Zebedee,MacEllen,zmacellenft@linkedin.com,Male,-0.36,-0.59,1.66,Madagascar
Lyn,McLoughlin,lmcloughlinfu@slate.com,Male,1.08,1.03,0.84,Russia
Erika,McRinn,emcrinnfv@dropbox.com,Female,-1.97,-0.05,-0.43,Russia
Alic,Laviste,alavistefw@privacy.gov.au,Male,-0.15,0.05,0.75,Morocco
Allyson,Girt,agirtfx@de.vu,Female,-0.96,0.49,0.37,Indonesia
Graeme,Alfwy,galfwyfy@skyrock.com,Male,0.13,0.62,-1.23,Russia
Corbie,Penkman,cpenkmanfz@meetup.com,Male,0.26,-0.34,0.33,Brazil
Ardelia,Pesselt,apesseltg0@europa.eu,Female,-0.15,1.28,-1.58,Peru
Collin,Blanket,cblanketg1@nationalgeographic.com,Male,0.3,0.89,1.43,Ukraine
Cayla,Heliet,chelietg2@cafepress.com,Female,0.39,1.26,-0.87,Indonesia
Rebekkah,Passmore,rpassmoreg3@vinaora.com,Female,0.84,0.07,-0.13,China
Shea,Keeting,skeetingg4@google.ca,Male,-0.52,0.83,-1.89,China
Sella,Baudouin,sbaudouing5@sakura.ne.jp,Female,-0.62,-0.07,-0.19,Denmark
Urban,Argabrite,uargabriteg6@globo.com,Male,1.03,-0.57,-0.53,Netherlands
Aarika,Brizland,abrizlandg7@google.com,Female,-0.05,-2.14,-1.01,Brazil
Staffard,Tace,staceg8@elpais.com,Male,0.71,-1.52,0.64,Peru
Philis,Nursey,pnurseyg9@bbb.org,Female,-1.51,-1.09,-0.18,Indonesia
Paton,Koppke,pkoppkega@businesswire.com,Male,1.45,-1.74,0.26,China
Fletcher,Gripton,fgriptongb@bbc.co.uk,Male,-0.1,0.74,0.51,China
Tobiah,Jenson,tjensongc@ebay.co.uk,Male,0.23,0.6,-1.02,China
Julita,Rosettini,jrosettinigd@uol.com.br,Female,-1.29,0.22,0.76,Argentina
Garvin,Jorcke,gjorckege@eepurl.com,Male,-0.23,-0.43,-0.98,Indonesia
Neron,Robuchon,nrobuchongf@google.nl,Male,-1.33,-1.42,1.96,Egypt
Blinny,Luckman,bluckmangg@nationalgeographic.com,Female,1.57,0.55,0.89,China
Bail,Bernardelli,bbernardelligh@bizjournals.com,Male,-0.59,-1.05,-1.06,Tanzania
Debor,Andreu,dandreugi@stanford.edu,Female,0.79,0.6,0.05,Indonesia
Alvie,Tremble,atremblegj@squidoo.com,Male,-0.79,-0.83,-0.3,Czech Republic
Titos,Philler,tphillergk@dailymotion.com,Male,0.89,0.99,-0.71,France
Phillida,Rapa,prapagl@ezinearticles.com,Female,-0.72,-2.05,0.68,Ivory Coast
Fredek,Shuttell,fshuttellgm@yale.edu,Male,0.21,-0.18,0.86,Poland
Lorrin,Eslie,lesliegn@va.gov,Female,-1.21,-0.43,-0.15,Afghanistan
Elyse,Jiru,ejirugo@usgs.gov,Female,-1.3,-0.85,1.93,Norway
Anstice,Gisbey,agisbeygp@cdc.gov,Female,0.13,-0.15,-0.6,Indonesia
Goldy,Hallaways,ghallawaysgq@wikimedia.org,Female,-0.13,-1.89,-0.26,United States
Caddric,Shillabear,cshillabeargr@1688.com,Male,1.49,-0.01,1.38,Russia
Timmy,Rumney,trumneygs@zimbio.com,Male,-0.61,-1.77,0.92,Peru
Camille,Giacubo,cgiacubogt@stanford.edu,Female,-1.12,0.04,1.05,Peru
Janek,Taylour,jtaylourgu@vimeo.com,Male,0.18,0.28,0.87,Portugal
Hernando,Goalley,hgoalleygv@over-blog.com,Male,-0.83,-0.87,2.24,Russia
Franklin,Syfax,fsyfaxgw@msn.com,Male,-0.29,1.12,0.68,Indonesia
Eustace,Pockey,epockeygx@wikimedia.org,Male,-0.97,-0.1,-0.88,Sweden
Juliann,Pendlebery,jpendleberygy@techcrunch.com,Female,-0.7,1.27,1.33,Indonesia
Charity,Iacovielli,ciacovielligz@loc.gov,Female,0.37,0.46,-0.37,Sweden
Annetta,Sibbald,asibbaldh0@ted.com,Female,0.46,-0.66,-1.76,Greece
Zulema,Dunston,zdunstonh1@istockphoto.com,Female,-2.22,1.78,0.59,Yemen
Amandy,Piggen,apiggenh2@dyndns.org,Female,-0.38,1.45,-0.58,Nigeria
Mallory,Follis,mfollish3@behance.net,Female,-0.85,0.99,0.35,Indonesia
Bartel,Dunridge,bdunridgeh4@senate.gov,Male,0.79,-1.13,-1.21,Indonesia
Hasty,Gratten,hgrattenh5@sciencedirect.com,Male,-1.17,0.53,1.62,South Africa
Terrell,Jenicek,tjenicekh6@theglobeandmail.com,Male,-0.09,-0.01,-1.48,Brazil
Adore,Giovannilli,agiovannillih7@springer.com,Female,-1.15,0.67,1.77,Philippines
Yurik,Pidgen,ypidgenh8@umn.edu,Male,-0.34,0.3,0.81,Indonesia
Marylynne,Phillpotts,mphillpottsh9@networksolutions.com,Female,0.59,-1.2,0.14,Indonesia
Lilah,Glendza,lglendzaha@github.com,Female,-0.29,-1.39,-1.76,Colombia
Gerda,Caskey,gcaskeyhb@sina.com.cn,Female,-0.26,1.08,0.38,Portugal
Francesco,McPhilemy,fmcphilemyhc@marketwatch.com,Male,0.12,1.2,-0.47,China
Woodman,Ollin,wollinhd@statcounter.com,Male,0.55,-0.1,-0.86,Indonesia
Jennilee,Guidetti,jguidettihe@fema.gov,Female,-2.11,1.18,0.99,New Zealand
Paule,Illyes,pillyeshf@booking.com,Female,1.5,-0.79,-0.2,Belgium
Wendye,Roullier,wroullierhg@freewebs.com,Female,-1.26,1.51,-0.5,Jamaica
Umberto,Palley,upalleyhh@ameblo.jp,Male,-0.91,1.19,-0.09,Pakistan
Audy,Sheara,ashearahi@npr.org,Female,-1.29,-0.82,1.45,Indonesia
Carlina,Dast,cdasthj@tuttocitta.it,Female,-1.33,-0.6,0.38,Colombia
Arlie,Dyers,adyershk@indiatimes.com,Female,0.83,0.95,0.41,Kenya
Valry,Tenman,vtenmanhl@wikia.com,Female,0.18,-0.05,-0.97,China
Claudia,Smeaton,csmeatonhm@army.mil,Female,1.24,-0.53,-0.14,Gabon
Chas,Goundsy,cgoundsyhn@berkeley.edu,Male,-0.99,-1.5,-1.15,France
Monro,MacTimpany,mmactimpanyho@fc2.com,Male,1.65,1.05,-0.59,Russia
Jules,Washington,jwashingtonhp@lycos.com,Male,0.32,0.48,-0.91,China
Benito,Coarser,bcoarserhq@amazon.com,Male,-1.13,-1.69,-0.05,Russia
Glenn,Boatman,gboatmanhr@jugem.jp,Female,-0.58,-1.13,-0.05,Poland
Bree,Fairhead,bfairheadhs@artisteer.com,Female,-0.26,1.01,-0.72,Cuba
Chrissy,Appleton,cappletonht@amazon.de,Male,-1.15,0.14,-1.21,China
Glenn,Fincken,gfinckenhu@wordpress.org,Female,-0.48,0.85,1.46,Indonesia
Beltran,Debrett,bdebretthv@netlog.com,Male,0.49,0.13,-1.88,Indonesia
Hubey,Iacobini,hiacobinihw@ucoz.ru,Male,-0.59,-1.44,-0.44,Indonesia
Eberhard,Schankel,eschankelhx@google.co.jp,Male,-1.7,-1.24,0.63,Indonesia
Evangeline,Taysbil,etaysbilhy@cbc.ca,Female,0.42,-1.63,-1.49,Philippines
Early,Sallenger,esallengerhz@google.it,Male,0.8,0.03,-1.71,China
Sheilakathryn,Joddins,sjoddinsi0@springer.com,Female,-0.58,0.57,-0.47,Bosnia and Herzegovina
Phaedra,Verey,pvereyi1@wsj.com,Female,0.45,-0.68,1.1,Brazil
Garland,Bransby,gbransbyi2@foxnews.com,Female,-0.7,1.11,-0.73,Portugal
Ambros,Matthewson,amatthewsoni3@usgs.gov,Male,1.06,1.14,-0.24,Philippines
Drew,Vlasyuk,dvlasyuki4@taobao.com,Male,0.57,0.49,-1.4,United States
Gipsy,Chucks,gchucksi5@yellowpages.com,Female,-0.75,1.47,-0.03,Indonesia
Jada,Poll,jpolli6@google.co.jp,Female,-0.56,0.89,0.19,Estonia
Gal,Lattimer,glattimeri7@wsj.com,Male,0.34,-0.86,-1.15,Indonesia
Cameron,Epple,cepplei8@economist.com,Male,-0.86,0.41,0.21,Bolivia
Brandyn,Merrgan,bmerrgani9@bbb.org,Male,-1.12,0.96,-1.04,Portugal
Chloris,Caldecott,ccaldecottia@dagondesign.com,Female,-0.16,0.28,-2.41,China
Truman,Roake,troakeib@cdc.gov,Male,-1.15,1.06,-0.21,Ivory Coast
Kev,Loyndon,kloyndonic@people.com.cn,Male,0.54,-0.6,-1.61,Indonesia
Ronna,Neighbour,rneighbourid@washingtonpost.com,Female,-0.47,-0.13,0.15,Indonesia
Addi,Charer,acharerie@acquirethisname.com,Female,-0.06,1.04,0.93,Myanmar
Lira,Gillatt,lgillattif@bloomberg.com,Female,-0.39,-0.61,-0.89,Jordan
Nancey,Hows,nhowsig@phoca.cz,Female,0.06,-1.04,0.45,Philippines
Rebekkah,Londing,rlondingih@washington.edu,Female,-1.53,1.76,0.38,Indonesia
Cale,Aloshkin,caloshkinii@google.nl,Male,-0.3,0.28,-0.69,North Korea
Trev,Vitler,tvitlerij@chicagotribune.com,Male,-0.91,-0.66,0.15,China
Prissie,Mattingson,pmattingsonik@goo.gl,Female,0.69,-0.5,0.8,San Marino
Brett,MacEntee,bmacenteeil@nyu.edu,Male,1.03,-0.92,-0.13,Colombia
Anna-maria,Manicomb,amanicombim@quantcast.com,Female,-0.24,1.01,-1.23,Belarus
Staffard,Goddard,sgoddardin@hp.com,Male,-0.88,0.23,0.86,China
Lurlene,Jancik,ljancikio@dion.ne.jp,Female,0.53,-1.0,-0.44,Mozambique
Oliviero,Keelan,okeelanip@taobao.com,Male,0.09,1.02,1.88,China
Charita,Belhomme,cbelhommeiq@eventbrite.com,Female,-0.71,0.12,0.03,Brazil
Gretchen,Donisi,gdonisiir@naver.com,Female,-0.71,-2.05,1.13,Philippines
Sibylla,Coie,scoieis@moonfruit.com,Female,0.18,-0.54,0.08,China
Melvyn,Tooting,mtootingit@buzzfeed.com,Male,1.81,0.11,0.07,China
Keriann,Baggett,kbaggettiu@simplemachines.org,Female,-1.01,-0.13,0.01,China
Mahalia,Skully,mskullyiv@istockphoto.com,Female,-1.07,-1.39,0.75,Ethiopia
Virginia,Armfirld,varmfirldiw@rambler.ru,Female,1.83,0.5,-1.49,Indonesia
Steffi,Hales,shalesix@mit.edu,Female,-1.0,2.55,0.14,Indonesia
Ara,Povele,apoveleiy@altervista.org,Male,-1.01,-1.11,0.04,Russia
Mikael,Hender,mhenderiz@vistaprint.com,Male,0.09,0.42,-0.17,Pakistan
Bartolemo,Lewinton,blewintonj0@harvard.edu,Male,1.34,-0.61,-0.49,Russia
Bella,Halshaw,bhalshawj1@sciencedirect.com,Female,-0.99,0.86,-0.01,France
Claretta,Willarton,cwillartonj2@time.com,Female,1.94,0.42,0.31,China
Maurise,Sumption,msumptionj3@wp.com,Female,-0.34,-0.4,-0.48,Poland
Minor,Sleigh,msleighj4@npr.org,Male,-1.26,-0.75,-0.82,China
Curtice,Beccera,cbecceraj5@dyndns.org,Male,1.22,0.12,0.38,Ukraine
Rodrick,Byard,rbyardj6@instagram.com,Male,-0.39,-0.87,-0.53,Lithuania
Jacquette,Shillum,jshillumj7@columbia.edu,Female,1.07,1.4,-1.29,Portugal
Waverly,Hailes,whailesj8@feedburner.com,Male,-0.37,1.59,-1.61,Ukraine
Lesya,Loy,lloyj9@slashdot.org,Female,-0.14,-1.6,-1.73,Indonesia
Francklyn,Endecott,fendecottja@pinterest.com,Male,-0.93,-1.73,-0.38,Russia
Caz,Oultram,coultramjb@biglobe.ne.jp,Male,-0.5,-1.28,0.05,China
Savina,Gilgryst,sgilgrystjc@wsj.com,Female,0.49,-0.82,0.47,Cuba
Gelya,Handsheart,ghandsheartjd@privacy.gov.au,Female,-0.16,0.82,3.48,China
Hailee,Doorbar,hdoorbarje@paypal.com,Female,-1.44,-0.19,1.26,Indonesia
Steward,Bodley,sbodleyjf@fc2.com,Male,-0.2,0.38,0.53,Gambia
Eugenio,Itzchaky,eitzchakyjg@histats.com,Male,1.97,1.3,-0.09,Czech Republic
Annnora,Brimacombe,abrimacombejh@xing.com,Female,-0.38,-1.36,-0.09,Poland
Nappy,Dawidsohn,ndawidsohnji@goo.ne.jp,Male,1.11,-1.33,0.78,China
Sterling,Skupinski,sskupinskijj@tumblr.com,Male,-0.1,-0.06,0.65,China
Dougie,Moggan,dmogganjk@bloomberg.com,Male,1.34,1.26,-0.38,Poland
Spense,Hacquel,shacqueljl@imdb.com,Male,-0.86,-0.06,-0.17,Nigeria
Lem,Gillman,lgillmanjm@dot.gov,Male,-0.6,0.98,-1.27,United Arab Emirates
Katherine,Hounihan,khounihanjn@networkadvertising.org,Female,0.66,0.65,0.1,Thailand
Anatol,Jorissen,ajorissenjo@reuters.com,Male,-1.79,1.49,-0.53,Slovenia
Quinn,Egell,qegelljp@abc.net.au,Female,-0.05,0.56,0.67,Canada
Teddy,Garfirth,tgarfirthjq@macromedia.com,Male,0.19,1.3,0.59,Honduras
Evie,Karpenko,ekarpenkojr@youku.com,Female,-0.42,-1.18,-0.48,Peru
Natalee,Siene,nsienejs@seattletimes.com,Female,1.14,-0.71,0.92,Czech Republic
Deeyn,Cammack,dcammackjt@bluehost.com,Female,0.56,1.46,0.32,Indonesia
Arch,Haworth,ahaworthju@youtu.be,Male,-0.37,-0.03,0.91,Sweden
Jehanna,Dugan,jduganjv@uol.com.br,Female,0.48,0.11,-1.02,Sweden
Chelsea,Swanborrow,cswanborrowjw@discuz.net,Female,1.72,1.77,-0.55,Tanzania
Allyn,Rennick,arennickjx@yellowpages.com,Male,0.16,1.27,-0.54,China
Laryssa,Sellek,lsellekjy@wiley.com,Female,0.37,0.15,1.11,Russia
Nelle,Chillistone,nchillistonejz@youtube.com,Female,0.76,-1.23,0.56,Burkina Faso
Kristofor,Goodoune,kgoodounek0@delicious.com,Male,-0.43,0.44,-0.4,China
Berti,Saye,bsayek1@wix.com,Male,0.01,0.06,0.89,China
Dan,Gofforth,dgofforthk2@yellowbook.com,Male,-0.2,0.64,0.62,China
Findlay,Rawle,frawlek3@wordpress.com,Male,-1.26,-0.09,-0.81,China
Wheeler,Hariot,whariotk4@unblog.fr,Male,-1.02,0.1,0.62,China
Maurine,Hordell,mhordellk5@imdb.com,Female,-1.64,-1.28,1.63,Sweden
Briny,Sparling,bsparlingk6@telegraph.co.uk,Female,0.01,0.17,-0.71,Russia
Helaine,Kulicke,hkulickek7@angelfire.com,Female,0.1,-1.79,-0.85,China
Cherise,Mallaby,cmallabyk8@ocn.ne.jp,Female,-1.64,0.54,-1.4,Armenia
Bridie,Kembery,bkemberyk9@posterous.com,Female,1.59,0.54,-0.77,Colombia
Lowell,Boeck,lboeckka@altervista.org,Male,0.55,-0.15,0.24,Russia
Job,Hodjetts,jhodjettskb@i2i.jp,Male,-0.79,-0.8,-0.8,China
Cam,Fenck,cfenckkc@fc2.com,Female,0.9,-1.44,-0.42,United States
Win,Brownhall,wbrownhallkd@histats.com,Male,-1.53,0.47,1.65,Indonesia
Wallas,Diegan,wdieganke@sciencedirect.com,Male,1.45,-0.39,0.36,Japan
Jany,Brosi,jbrosikf@nba.com,Female,-0.75,-0.23,-0.94,Indonesia
Angie,Caulket,acaulketkg@rakuten.co.jp,Male,-0.24,-3.62,0.1,Vietnam
Orazio,Madill,omadillkh@addthis.com,Male,-0.28,-0.5,-0.09,France
Pattie,Dainty,pdaintyki@spotify.com,Male,-0.82,0.02,1.01,China
Rockie,Tewkesbury.,rtewkesburykj@amazon.co.jp,Male,-0.92,-0.98,0.18,Uzbekistan
Nanine,Kane,nkanekk@hud.gov,Female,-1.15,1.03,-0.82,China
Adlai,Chaundy,achaundykl@bizjournals.com,Male,0.67,-0.01,-0.21,Yemen
Dunc,Brugden,dbrugdenkm@amazon.co.uk,Male,0.78,1.19,-0.24,Czech Republic
Alejandro,Krauze,akrauzekn@mtv.com,Male,-0.36,1.02,0.62,Comoros
Rriocard,Ebi,rebiko@cdbaby.com,Male,1.02,-0.07,0.77,Kazakhstan
Kimbell,Wapplington,kwapplingtonkp@mit.edu,Male,-0.26,0.67,2.42,Philippines
Roze,Atwood,ratwoodkq@mapquest.com,Female,-0.09,-0.4,0.16,Japan
Faustina,Penhall,fpenhallkr@princeton.edu,Female,0.64,-0.34,0.46,Russia
Stevy,Filipowicz,sfilipowiczks@vkontakte.ru,Male,-1.01,-0.28,-1.19,Norway
Misty,Geockle,mgeocklekt@google.de,Female,-0.32,0.42,1.16,Indonesia
Kassey,Melrose,kmelroseku@mapquest.com,Female,0.97,-0.04,0.45,Czech Republic
Ashbey,Sherar,asherarkv@mysql.com,Male,0.68,-0.49,-0.41,Brazil
Zitella,Leopold,zleopoldkw@acquirethisname.com,Female,0.51,0.44,1.54,Indonesia
Herve,Bidewel,hbidewelkx@ft.com,Male,-1.15,-0.17,-0.36,Australia
Mylo,Colley,mcolleyky@wufoo.com,Male,2.77,0.27,-0.85,Honduras
Eadmund,Courtonne,ecourtonnekz@gravatar.com,Male,0.2,-0.66,-0.52,Ukraine
Krysta,Tofanelli,ktofanellil0@techcrunch.com,Female,-1.61,-0.99,2.67,Russia
Danica,Hannibal,dhanniball1@wikia.com,Female,-1.48,-1.55,0.49,Colombia
Gradeigh,Emmet,gemmetl2@smh.com.au,Male,0.43,-0.63,0.31,Ecuador
Bobbye,Kersaw,bkersawl3@blog.com,Female,0.39,-0.1,-0.49,Belarus
Say,Elstone,selstonel4@cargocollective.com,Male,-1.74,-1.02,0.46,Nepal
Jacinthe,Prandy,jprandyl5@histats.com,Female,1.14,0.91,1.43,Niger
Ario,Andreutti,aandreuttil6@dropbox.com,Male,0.72,0.17,-0.78,Venezuela
Myer,Coatsworth,mcoatsworthl7@cnet.com,Male,-2.41,0.73,0.59,Paraguay
Rosmunda,Norres,rnorresl8@sogou.com,Female,0.13,0.57,1.74,Sri Lanka
Ferdy,Oxton,foxtonl9@exblog.jp,Male,0.97,0.76,0.71,China
Laureen,Harce,lharcela@cargocollective.com,Female,-0.19,0.89,-1.69,United States
Concettina,Hargreaves,chargreaveslb@pbs.org,Female,0.51,0.84,0.53,China
Allys,Kos,akoslc@baidu.com,Female,-1.43,0.27,0.37,Peru
Jelene,Sissons,jsissonsld@ezinearticles.com,Female,1.05,-0.42,-0.15,Russia
Reagen,Pendrey,rpendreyle@toplist.cz,Male,0.71,0.14,0.82,China
Angelia,Vairow,avairowlf@ucla.edu,Female,1.75,1.93,0.93,Philippines
Fred,Fullbrook,ffullbrooklg@elpais.com,Female,-0.95,-0.21,-0.47,China
Kessiah,Cruise,kcruiselh@foxnews.com,Female,-1.39,-1.53,-0.75,Indonesia
Erna,Fellnee,efellneeli@smh.com.au,Female,0.4,-1.08,-0.79,Brazil
Kali,Callam,kcallamlj@nifty.com,Female,0.28,-0.53,2.34,Bulgaria
Belita,Melville,bmelvillelk@aboutads.info,Female,1.84,-2.12,-1.46,Argentina
Gordie,Yokley,gyokleyll@redcross.org,Male,0.41,-1.06,-0.45,Colombia
Smitty,Giddens,sgiddenslm@smugmug.com,Male,-0.82,0.36,0.41,China
Chiarra,Silverton,csilvertonln@unicef.org,Female,0.09,-0.4,0.03,China
Heda,Kidson,hkidsonlo@canalblog.com,Female,-0.63,-0.34,0.58,Russia
Gordy,Andrieu,gandrieulp@yelp.com,Male,-0.13,0.57,-0.25,China
Tiff,Warland,twarlandlq@bloomberg.com,Female,0.75,-0.35,-0.52,Nigeria
Guendolen,Trehearne,gtrehearnelr@sitemeter.com,Female,-0.59,3.23,-1.0,Pakistan
Blondell,Crambie,bcrambiels@sakura.ne.jp,Female,-1.38,-1.89,0.36,Albania
Gabriella,Pedracci,gpedraccilt@wikispaces.com,Female,-2.0,0.11,-0.33,Botswana
Basia,Sultana,bsultanalu@ucoz.ru,Female,-0.45,-0.22,-1.09,Oman
Darb,Maclean,dmacleanlv@hhs.gov,Male,0.27,0.84,0.92,Indonesia
Benn,Pett,bpettlw@nasa.gov,Male,0.55,-0.45,0.42,Syria
Dannel,Rigolle,drigollelx@sohu.com,Male,-0.16,-0.3,-0.97,Russia
Yasmin,Masser,ymasserly@amazon.com,Female,-0.81,-1.73,-0.02,China
Auberon,Dotterill,adotterilllz@columbia.edu,Male,-0.16,-0.87,-0.57,Ukraine
Shanna,Jandera,sjanderam0@army.mil,Female,0.91,0.41,-0.53,Poland
Colas,Doohan,cdoohanm1@t.co,Male,1.4,-0.36,0.07,Thailand
Farah,Cornford,fcornfordm2@edublogs.org,Female,0.02,-0.2,-1.32,South Korea
Sharon,Mollin,smollinm3@ibm.com,Female,0.25,-0.75,0.07,Croatia
Monika,Huntress,mhuntressm4@yandex.ru,Female,-0.41,2.09,1.76,China
Carr,Swansborough,cswansboroughm5@tumblr.com,Male,-1.3,-0.08,1.1,Portugal
Lucretia,Espy,lespym6@seattletimes.com,Female,-0.38,0.48,-0.99,Kyrgyzstan
Lucilia,Jeary,ljearym7@sourceforge.net,Female,0.69,1.01,0.19,Lebanon
Randa,Katzmann,rkatzmannm8@latimes.com,Female,0.84,1.04,-1.27,Greece
Ignaz,Brownscombe,ibrownscombem9@sfgate.com,Male,-1.11,0.64,0.05,Mexico
Delores,Renals,drenalsma@chron.com,Female,0.52,-0.28,0.28,Netherlands
Joachim,Foale,jfoalemb@naver.com,Male,0.19,-1.51,0.64,Philippines
Rahel,Bisco,rbiscomc@pen.io,Female,0.95,0.41,0.16,Indonesia
Irvine,Champneys,ichampneysmd@ezinearticles.com,Male,-0.24,0.41,0.34,China
Efrem,Kluger,eklugerme@domainmarket.com,Male,-0.37,1.67,1.23,Poland
Adolphe,Atley,aatleymf@wikispaces.com,Male,-1.03,-0.42,2.39,Albania
Ruperta,Cresswell,rcresswellmg@123-reg.co.uk,Female,0.42,0.31,-0.5,Poland
Dickie,Shoemark,dshoemarkmh@eventbrite.com,Male,-0.68,-0.88,0.77,Philippines
Magdalene,Ludye,mludyemi@sitemeter.com,Female,2.17,-1.26,0.47,Philippines
Griffin,Catto,gcattomj@etsy.com,Male,-1.14,-0.46,-0.15,Argentina
Lucine,Blunsden,lblunsdenmk@patch.com,Female,-0.04,-0.19,0.73,Ukraine
Melinde,Nettleship,mnettleshipml@odnoklassniki.ru,Female,-0.05,1.08,0.65,Brazil
Frederique,Mell,fmellmm@dyndns.org,Female,1.85,0.85,0.73,Bosnia and Herzegovina
Gena,Hildred,ghildredmn@ebay.com,Female,-0.21,1.09,0.77,Jordan
Rhodia,Tomaskov,rtomaskovmo@topsy.com,Female,-0.45,-2.7,-0.91,South Africa
Berkie,Wormstone,bwormstonemp@xinhuanet.com,Male,1.46,-1.75,0.32,Canada
Neale,Raith,nraithmq@cargocollective.com,Male,-2.19,1.24,0.56,China
Chad,McBeith,cmcbeithmr@youtu.be,Female,1.14,1.83,1.2,China
Prudi,Kayley,pkayleyms@alexa.com,Female,-0.65,0.09,-0.75,France
Jeremias,Severy,jseverymt@mtv.com,Male,-0.97,0.52,0.63,China
Cate,Pilgrim,cpilgrimmu@microsoft.com,Female,-0.16,2.36,-2.39,China
Darrin,Campling,dcamplingmv@yahoo.co.jp,Male,0.16,0.88,-0.81,Myanmar
Sinclare,McRonald,smcronaldmw@oracle.com,Male,-0.14,-0.51,0.16,Philippines
Mal,Hassall,mhassallmx@bluehost.com,Male,1.84,-0.5,-0.62,China
Davidson,Huburn,dhuburnmy@stanford.edu,Male,-0.25,-0.64,-0.22,Sweden
Jobye,Daile,jdailemz@trellian.com,Female,-0.58,-0.42,-1.04,Poland
Bing,Treadway,btreadwayn0@nih.gov,Male,0.68,0.47,0.9,Philippines
Brigida,Yexley,byexleyn1@ezinearticles.com,Female,0.82,-0.51,0.01,Poland
Dion,Lapidus,dlapidusn2@360.cn,Male,0.23,0.9,-0.87,Mauritius
Lurette,Gridley,lgridleyn3@purevolume.com,Female,-0.31,-0.33,1.32,Japan
Liam,Kindell,lkindelln4@zimbio.com,Male,-1.26,-0.22,-0.25,France
Renee,Lowless,rlowlessn5@cbslocal.com,Female,-0.25,-0.92,1.49,Madagascar
Kurtis,Balshen,kbalshenn6@sakura.ne.jp,Male,1.2,1.34,0.57,Morocco
Verena,Ruslinge,vruslingen7@cdc.gov,Female,0.61,0.61,2.28,Poland
Carole,Osmint,cosmintn8@goo.gl,Female,-0.63,0.95,2.17,Venezuela
Merrily,Fantonetti,mfantonettin9@newsvine.com,Female,-0.74,-1.96,2.2,Malta
Aime,McAlarney,amcalarneyna@independent.co.uk,Female,-0.12,0.06,0.24,Brazil
Dorothy,Garrad,dgarradnb@amazonaws.com,Female,-0.26,-1.0,-1.62,China
Barbabas,Culkin,bculkinnc@people.com.cn,Male,0.48,-1.2,1.33,Portugal
Cybill,Lotte,clottend@alexa.com,Female,1.19,0.49,-0.08,Mexico
Eyde,Dymond,edymondne@walmart.com,Female,0.75,-0.72,1.18,Philippines
Frederique,Benedicto,fbenedictonf@jugem.jp,Female,0.71,1.53,1.24,Syria
Sherman,Stroyan,sstroyanng@state.gov,Male,-0.98,0.53,0.86,Portugal
Valentijn,Freen,vfreennh@irs.gov,Male,-1.75,-1.32,-1.08,Nigeria
Tymon,Borel,tborelni@de.vu,Male,0.85,-0.27,0.26,Philippines
Noland,Geerdts,ngeerdtsnj@facebook.com,Male,-0.49,0.25,-0.27,China
Cristionna,Masters,cmastersnk@example.com,Female,-0.26,-0.33,-0.64,Nicaragua
Tildie,Digance,tdigancenl@furl.net,Female,-0.84,1.22,1.01,Zimbabwe
Maurits,Paniman,mpanimannm@taobao.com,Male,0.56,0.14,-1.71,Nigeria
Harrison,Pezey,hpezeynn@ameblo.jp,Male,1.45,1.49,0.01,Egypt
Adelaida,Froud,afroudno@shareasale.com,Female,-0.04,-0.4,-0.15,China
Kevin,Coton,kcotonnp@ow.ly,Male,-1.13,-0.62,-0.87,China
Noni,de Quesne,ndequesnenq@4shared.com,Female,0.92,0.46,-0.79,Indonesia
Dannel,Lillecrap,dlillecrapnr@cnet.com,Male,-2.62,1.17,-0.74,Albania
Armand,Spore,asporens@paypal.com,Male,0.04,1.35,-1.51,Czech Republic
Margaret,McDowall,mmcdowallnt@cisco.com,Female,-0.25,-1.46,-1.04,China
Laura,Gillimgham,lgillimghamnu@pen.io,Female,-0.18,-1.15,0.81,Japan
Ingra,Iacavone,iiacavonenv@amazon.com,Male,-0.95,-1.04,0.57,Nigeria
Modesty,Darling,mdarlingnw@comsenz.com,Female,-0.31,-0.39,1.02,China
Fayre,Edgington,fedgingtonnx@hao123.com,Female,-1.15,0.18,1.36,Russia
Barth,Grocott,bgrocottny@microsoft.com,Male,1.01,1.64,-1.62,Japan
Jerry,Muck,jmucknz@yellowpages.com,Male,0.59,-0.13,-0.14,China
Linda,Ruoss,lruosso0@imageshack.us,Female,-1.25,0.48,0.67,China
Raffaello,Itscovitz,ritscovitzo1@com.com,Male,0.26,-0.55,-0.17,Guatemala
Fina,Antrack,fantracko2@list-manage.com,Female,-0.03,1.48,2.72,Indonesia
Doralyn,Eacott,deacotto3@wisc.edu,Female,-1.03,0.11,1.42,China
Lucian,Kays,lkayso4@sfgate.com,Male,-0.17,0.9,0.21,South Africa
Burton,Burridge,bburridgeo5@meetup.com,Male,-1.55,0.35,-1.07,Sweden
Darnell,Muckleston,dmucklestono6@slideshare.net,Male,-0.07,0.73,0.23,Hong Kong
Drucill,Richold,dricholdo7@ycombinator.com,Female,-0.83,-1.06,0.35,Norway
Deni,Bartalucci,dbartaluccio8@reference.com,Female,-0.38,1.03,0.34,Kenya
Bonnibelle,Theriot,btherioto9@friendfeed.com,Female,-0.78,-0.04,1.25,Sweden
Frazier,Calder,fcalderoa@princeton.edu,Male,-0.32,1.49,-0.33,Finland
Griselda,Holttom,gholttomob@altervista.org,Female,-0.55,-0.29,-0.9,Slovenia
Aidan,Dungate,adungateoc@list-manage.com,Female,-3.41,-1.04,0.21,France
Pattie,Skelding,pskeldingod@google.com.au,Female,-0.72,0.63,-1.21,United States
Norbert,Pinnell,npinnelloe@studiopress.com,Male,-1.18,1.44,0.83,China
Carmencita,Ilyunin,cilyuninof@redcross.org,Female,-0.59,0.95,0.13,China
Orv,Manntschke,omanntschkeog@fda.gov,Male,0.73,-0.09,0.52,Indonesia
Odey,Itzkovich,oitzkovichoh@redcross.org,Male,0.79,-1.73,0.27,China
Christy,Havile,chavileoi@imageshack.us,Male,-0.54,0.02,-0.4,Philippines
Cordy,Lyddiatt,clyddiattoj@newsvine.com,Male,-0.08,0.43,0.94,Portugal
Lucy,Dilger,ldilgerok@state.tx.us,Female,-0.65,-0.13,1.45,Poland
Mathew,Persich,mpersichol@noaa.gov,Male,0.21,0.63,0.23,France
Clarke,Chasier,cchasierom@wisc.edu,Male,-1.8,-2.04,0.05,Philippines
Gerald,Trudgeon,gtrudgeonon@mozilla.org,Male,-1.44,-1.52,-0.21,Papua New Guinea
Inez,Scallon,iscallonoo@nba.com,Female,0.74,-0.6,-0.21,Belarus
Meredith,Cootes,mcootesop@ft.com,Female,0.35,1.52,-0.29,China
Coleman,Wimbridge,cwimbridgeoq@chronoengine.com,Male,0.88,-0.11,0.64,Brazil
Ailis,Lydon,alydonor@statcounter.com,Female,1.35,0.05,0.66,France
Denver,Jeandel,djeandelos@godaddy.com,Male,-0.15,0.58,0.58,Sweden
Bea,Mardell,bmardellot@alibaba.com,Female,0.53,1.16,-0.87,China
Korella,Stace,kstaceou@nbcnews.com,Female,-0.89,0.63,-0.14,Bangladesh
Arlina,April,aaprilov@sogou.com,Female,0.86,-0.89,1.7,Japan
Valle,Renhard,vrenhardow@jimdo.com,Male,-0.31,0.19,-0.41,Iran
Silvana,Spence,sspenceox@hhs.gov,Female,-1.36,-0.35,0.94,Indonesia
Tamarah,Parncutt,tparncuttoy@independent.co.uk,Female,-0.76,-0.02,0.47,Indonesia
Rodolfo,Dury,rduryoz@nsw.gov.au,Male,0.4,1.18,0.66,Greece
Jeffy,Ledgerton,jledgertonp0@state.tx.us,Male,0.51,-0.56,0.36,Thailand
Frederik,O'Corrigane,focorriganep1@cloudflare.com,Male,-1.29,0.15,-0.28,China
Christen,Cholonin,ccholoninp2@mail.ru,Female,0.11,1.05,0.38,Portugal
Bessie,Baynam,bbaynamp3@reverbnation.com,Female,-1.09,0.09,1.14,China
Keriann,Dobey,kdobeyp4@tamu.edu,Female,-0.1,-0.96,-0.63,Mongolia
Roanne,Ellard,rellardp5@smh.com.au,Female,-1.07,-0.71,1.28,South Korea
Winny,Broster,wbrosterp6@smh.com.au,Female,0.01,0.14,-0.02,Greece
Jameson,Davidzon,jdavidzonp7@yellowpages.com,Male,0.15,0.81,1.25,Peru
Curran,Cominetti,ccominettip8@ox.ac.uk,Male,1.9,0.56,-0.06,Portugal
Ethelind,Hoyland,ehoylandp9@baidu.com,Female,0.35,0.28,0.21,Russia
Creighton,Happer,chapperpa@moonfruit.com,Male,0.16,1.14,1.2,Thailand
Edy,Tilliard,etilliardpb@cpanel.net,Female,-1.48,0.26,0.3,Mexico
Edmund,Aitchinson,eaitchinsonpc@g.co,Male,-0.52,-0.94,-0.04,Indonesia
Andres,Lambdin,alambdinpd@time.com,Male,-0.55,-0.51,-2.39,Zimbabwe
Josepha,Bello,jbellope@twitpic.com,Female,1.2,-0.98,0.97,South Africa
Kynthia,Allderidge,kallderidgepf@webeden.co.uk,Female,-1.23,1.05,-0.57,Thailand
Stewart,Biford,sbifordpg@live.com,Male,1.56,1.99,0.54,Ukraine
Odelle,Petyankin,opetyankinph@storify.com,Female,-1.35,0.27,2.07,Greece
Hermann,Marquez,hmarquezpi@goo.ne.jp,Male,1.42,-0.6,0.06,Nigeria
Ive,Carbin,icarbinpj@vimeo.com,Male,0.7,0.46,-0.23,Italy
Dukey,McIlvoray,dmcilvoraypk@state.gov,Male,-1.23,0.7,-1.56,China
Trumann,Brantzen,tbrantzenpl@macromedia.com,Male,-0.51,0.89,-0.62,United States
Lemuel,Facher,lfacherpm@un.org,Male,-0.95,1.66,0.46,Armenia
Else,McLarens,emclarenspn@themeforest.net,Female,0.35,0.4,-1.95,Yemen
Desmond,Oliveira,doliveirapo@domainmarket.com,Male,-0.74,-0.2,-1.17,Croatia
Gage,Oakenfull,goakenfullpp@constantcontact.com,Male,-1.22,-0.75,-0.45,Russia
Launce,MacAne,lmacanepq@dagondesign.com,Male,-1.29,0.36,1.12,China
Erny,Griffitt,egriffittpr@vk.com,Male,-0.22,-0.21,1.02,Myanmar
Jermaine,Wooland,jwoolandps@cbslocal.com,Female,-1.51,-2.04,-0.54,China
Remus,Sarsfield,rsarsfieldpt@yelp.com,Male,-1.67,-1.6,0.88,Myanmar
Amata,Veale,avealepu@cloudflare.com,Female,-0.08,-2.42,1.29,Russia
Gregorio,Betz,gbetzpv@tinyurl.com,Male,-1.66,1.8,1.61,Thailand
Kipp,Semark,ksemarkpw@feedburner.com,Female,-1.28,0.3,0.56,Togo
Bertine,Perillio,bperilliopx@rediff.com,Female,1.42,-3.12,2.23,Serbia
Wake,Gait,wgaitpy@ucoz.com,Male,-1.07,-0.7,0.51,France
Shaun,Orrill,sorrillpz@slate.com,Female,0.37,0.54,1.18,Portugal
Zsa zsa,Dzeniskevich,zdzeniskevichq0@wiley.com,Female,1.0,-1.24,-0.65,Japan
Quincy,McCaughran,qmccaughranq1@google.co.uk,Male,-0.86,-0.84,-0.65,Kenya
Tanya,Banes,tbanesq2@walmart.com,Female,-2.65,1.69,-0.55,United States
Aundrea,Beeching,abeechingq3@abc.net.au,Female,0.74,0.99,0.22,Philippines
Melva,Muller,mmullerq4@issuu.com,Female,-1.92,-0.87,-0.62,France
Chaddy,D'Elias,cdeliasq5@acquirethisname.com,Male,-0.65,-0.4,-0.56,Morocco
Shawn,Scamal,sscamalq6@edublogs.org,Female,-0.31,-1.44,-0.33,Indonesia
Rosene,Passingham,rpassinghamq7@so-net.ne.jp,Female,0.48,0.4,-0.69,China
Adela,Islep,aislepq8@netvibes.com,Female,0.21,1.31,-0.81,China
Claus,Dewdeny,cdewdenyq9@marriott.com,Male,1.03,-0.43,1.18,Indonesia
Lorna,Hyde-Chambers,lhydechambersqa@amazon.co.uk,Female,-1.1,1.77,-0.39,Venezuela
Bradford,Aime,baimeqb@flavors.me,Male,-0.88,0.79,0.04,Mongolia
Ericka,Heading,eheadingqc@utexas.edu,Female,0.43,1.28,-0.74,Bulgaria
Sibylla,Romme,srommeqd@booking.com,Female,0.16,-1.32,-0.86,Philippines
Hyacinthe,Sames,hsamesqe@netscape.com,Female,0.18,0.14,-0.52,China
Patrice,Beames,pbeamesqf@reddit.com,Male,0.26,-0.66,1.4,Namibia
Tremaine,Birkenhead,tbirkenheadqg@arizona.edu,Male,-1.6,-0.79,-0.2,Indonesia
Concordia,Griswood,cgriswoodqh@g.co,Female,0.32,0.14,-1.4,South Africa
Lila,Siemandl,lsiemandlqi@toplist.cz,Female,1.5,0.23,-0.52,Ivory Coast
Claybourne,Solon,csolonqj@mit.edu,Male,2.03,-0.69,0.59,Philippines
Mason,Radin,mradinqk@youku.com,Male,0.25,-0.94,0.27,Lithuania
Gennie,Belson,gbelsonql@marketwatch.com,Female,1.48,-0.92,-0.09,China
Yale,Stebles,ysteblesqm@tumblr.com,Male,-1.95,-2.21,0.95,China
Berthe,Bernardt,bbernardtqn@wisc.edu,Female,0.48,-0.64,0.87,Azerbaijan
Deny,Magson,dmagsonqo@friendfeed.com,Female,-0.1,1.81,0.14,China
Lolly,Brittan,lbrittanqp@shareasale.com,Female,1.02,1.35,-0.51,Nicaragua
Morgana,Puden,mpudenqq@bloomberg.com,Female,0.83,-0.5,-0.38,Argentina
Emile,Forlonge,eforlongeqr@php.net,Male,0.71,0.85,1.32,Poland
Ebenezer,McAleese,emcaleeseqs@usda.gov,Male,-0.59,-0.87,1.69,Albania
Terri-jo,Jarratt,tjarrattqt@goo.ne.jp,Female,0.46,-1.01,0.05,Russia
Josias,Deal,jdealqu@typepad.com,Male,-0.23,0.58,-0.2,Ukraine
Corrianne,McIlveen,cmcilveenqv@constantcontact.com,Female,0.08,-1.41,0.02,Czech Republic
Amery,Palay,apalayqw@ca.gov,Male,0.38,1.03,-0.55,Thailand
Taber,Thorley,tthorleyqx@is.gd,Male,-1.33,0.29,-0.6,Indonesia
Dane,Petlyura,dpetlyuraqy@omniture.com,Male,0.25,2.09,1.01,Zimbabwe
Theressa,Steffens,tsteffensqz@kickstarter.com,Female,-0.43,0.99,0.08,Guatemala
Lorain,Emm,lemmr0@angelfire.com,Female,0.19,0.16,-1.13,France
Cirillo,Tripett,ctripettr1@latimes.com,Male,-0.84,0.58,-1.82,Macedonia
Florry,Zanioletti,fzaniolettir2@163.com,Female,1.44,-0.09,0.62,Thailand
Thain,Oglesbee,toglesbeer3@google.de,Male,-0.51,0.89,-0.15,Russia
Ozzy,Maddock,omaddockr4@spiegel.de,Male,1.0,0.02,-1.48,Czech Republic
Ilka,Reddick,ireddickr5@imdb.com,Female,-1.85,0.92,-0.73,Russia
Miriam,Clementi,mclementir6@github.com,Female,0.32,0.41,0.01,Brazil
Shirley,Maidment,smaidmentr7@behance.net,Female,0.01,-1.57,0.43,Russia
Giffie,Cummings,gcummingsr8@comsenz.com,Male,-1.46,-0.99,-1.78,Indonesia
Tyrus,Oulner,toulnerr9@opensource.org,Male,0.43,1.5,-0.3,Philippines
Shane,Sparrowe,ssparrowera@so-net.ne.jp,Female,1.04,0.46,-0.01,Philippines
Bryant,Joiner,bjoinerrb@printfriendly.com,Male,1.14,1.3,-0.55,Yemen
Laughton,Szepe,lszeperc@symantec.com,Male,0.06,-0.05,-1.3,Peru
Ellsworth,Reinbeck,ereinbeckrd@livejournal.com,Male,-1.4,0.04,-0.26,Czech Republic
Silvio,Smeuin,ssmeuinre@youtube.com,Male,0.88,0.25,-0.77,Philippines
Kathryn,Maffi,kmaffirf@time.com,Female,-1.54,2.55,-0.05,Portugal
Orlan,McHardy,omchardyrg@google.de,Male,-0.64,0.72,-0.61,Indonesia
Yolane,Boylin,yboylinrh@comcast.net,Female,-0.25,0.55,0.32,China
Lynea,Kayser,lkayserri@diigo.com,Female,-0.31,-2.4,1.28,Vietnam
Normy,Perroni,nperronirj@businessweek.com,Male,-1.52,-0.63,0.95,Czech Republic
Constantine,Julian,cjulianrk@woothemes.com,Male,-0.06,-2.11,-2.64,China
Shani,Motton,smottonrl@skype.com,Female,-0.24,0.11,-1.56,France
Irvin,Lavery,ilaveryrm@ocn.ne.jp,Male,0.65,1.74,-0.56,Philippines
Lissy,Hurdedge,lhurdedgern@alexa.com,Female,-1.13,-0.99,1.1,Czech Republic
King,Siburn,ksiburnro@discovery.com,Male,1.06,1.56,0.24,Bulgaria
Anthia,Daudray,adaudrayrp@nsw.gov.au,Female,-0.31,-1.25,-1.95,Brazil
Mariya,Glentworth,mglentworthrq@privacy.gov.au,Female,-0.37,-0.19,0.0,China
Maje,Joly,mjolyrr@cnn.com,Male,-0.91,0.01,-0.27,Indonesia
