first_name,last_name,email,gender,salary,weight,age,height,Country
Tremain,Keel,tkeel0@paginegialle.it,Male,$6.21,51,86,29,Colombia
Krista,Bowering,kbowering1@cbc.ca,Female,$0.58,45,61,65,Madagascar
Bevin,Henworth,bhenworth2@simplemachines.org,Male,$4.61,52,31,67,Russia
Holly,Goodin,hgoodin3@wufoo.com,Female,$5.11,36,30,6,Uganda
Gerladina,Cubin,gcubin4@techcrunch.com,Female,$1.64,63,15,41,Portugal
Duke,Lugard,dlugard5@wp.com,Male,$2.03,53,62,59,Colombia
Tedra,Rudolf,trudolf6@gov.uk,Female,$8.92,37,6,100,Indonesia
Porty,Bullon,pbullon7@joomla.org,Male,$7.51,10,1,5,Greece
Cherrita,Boutton,cboutton8@liveinternet.ru,Female,$0.61,96,55,22,Russia
Parry,Wims,pwims9@youtu.be,Male,$4.70,19,33,92,Indonesia
Grady,Fealey,gfealeya@goo.gl,Male,$1.47,23,42,73,Belarus
Den,Tickner,dticknerb@abc.net.au,Male,$7.56,61,33,30,United States
Gilburt,Steers,gsteersc@loc.gov,Male,$3.39,31,98,52,Greece
Ruby,Eady,readyd@sourceforge.net,Female,$3.53,77,80,63,Thailand
Arturo,Date,adatee@ovh.net,Male,$5.31,20,21,85,Argentina
Valli,Bartkowiak,vbartkowiakf@google.com.hk,Female,$4.60,66,42,30,Russia
Adele,Burne,aburneg@aboutads.info,Female,$1.70,95,28,73,Ukraine
Terrie,Gahagan,tgahaganh@taobao.com,Female,$2.76,53,73,20,Slovenia
Ulberto,Algate,ualgatei@arizona.edu,Male,$0.77,52,43,18,China
Bevin,Drover,bdroverj@arizona.edu,Male,$8.24,30,17,31,Guinea
Florance,Plumridege,fplumridegek@washingtonpost.com,Female,$1.23,47,64,6,Thailand
Morna,Twell,mtwelll@yahoo.co.jp,Female,$4.67,34,88,100,Japan
Vidovik,Van Rembrandt,vvanrembrandtm@google.es,Male,$4.26,8,84,11,Honduras
Michel,Hurdwell,mhurdwelln@aboutads.info,Female,$3.09,87,87,34,China
Randie,Dono,rdonoo@e-recht24.de,Male,$1.36,50,51,31,Ethiopia
Brandice,Le Fevre,blefevrep@amazon.de,Female,$9.63,19,79,16,Indonesia
Miguela,Posten,mpostenq@wp.com,Female,$1.70,71,28,93,Peru
Laney,Gleadhell,lgleadhellr@abc.net.au,Male,$0.01,82,71,67,United States
Solomon,Gatman,sgatmans@bloomberg.com,Male,$7.12,27,80,50,Czech Republic
Caron,Fitzgerald,cfitzgeraldt@tmall.com,Female,$4.86,56,81,46,Russia
Deeann,Rewcassell,drewcassellu@wufoo.com,Female,$4.36,88,91,81,Philippines
Matthias,Ellerker,mellerkerv@theguardian.com,Male,$3.11,45,83,44,China
Kenton,Cripwell,kcripwellw@dyndns.org,Male,$8.75,6,10,37,China
Ricki,Eayres,reayresx@cmu.edu,Male,$0.20,16,90,100,China
Nani,Piggen,npiggeny@chronoengine.com,Female,$9.04,49,53,13,Slovenia
Leila,Mixer,lmixerz@jalbum.net,Female,$3.11,12,52,39,China
Luciano,Shilstone,lshilstone10@tinyurl.com,Male,$4.79,92,55,44,Indonesia
Florry,Dyet,fdyet11@godaddy.com,Female,$4.55,32,80,47,Jordan
Bastien,Buttress,bbuttress12@usgs.gov,Male,$4.71,91,92,84,Greece
Pooh,Friedman,pfriedman13@yale.edu,Female,$7.03,25,24,12,Jamaica
Gabriele,Nast,gnast14@miibeian.gov.cn,Male,$4.82,43,42,12,China
Helenka,Bradburn,hbradburn15@livejournal.com,Female,$0.73,28,16,56,Ethiopia
Barty,Druery,bdruery16@mit.edu,Male,$9.21,45,92,6,Denmark
Alair,Hillitt,ahillitt17@amazon.co.uk,Male,$6.32,67,46,100,China
Gene,Hodcroft,ghodcroft18@php.net,Male,$5.22,10,34,18,Brazil
Ofilia,Hackworthy,ohackworthy19@unicef.org,Female,$0.19,66,38,15,Panama
Marguerite,Helwig,mhelwig1a@free.fr,Female,$4.29,79,57,100,Indonesia
Bev,Huxton,bhuxton1b@google.com.hk,Male,$7.10,41,35,73,Greece
Sutherlan,Moroney,smoroney1c@pbs.org,Male,$9.20,94,100,39,China
Benton,Over,bover1d@upenn.edu,Male,$7.09,54,54,69,China
Dud,Maryan,dmaryan1e@blogtalkradio.com,Male,$2.74,75,77,93,China
Verla,Bachellier,vbachellier1f@google.co.uk,Female,$0.09,14,78,63,Russia
Vita,Rainger,vrainger1g@ucoz.com,Female,$1.95,2,94,35,Serbia
Park,Hofler,phofler1h@reverbnation.com,Male,$3.39,33,94,32,Netherlands
Jacquelyn,Whapples,jwhapples1i@cisco.com,Female,$3.21,87,92,51,United States
Dede,Pettyfar,dpettyfar1j@alexa.com,Female,$0.85,47,71,53,Ukraine
Charley,Geall,cgeall1k@hhs.gov,Male,$5.58,47,67,41,Thailand
Barnie,Lupton,blupton1l@about.me,Male,$3.79,67,11,28,Indonesia
Dru,Rye,drye1m@si.edu,Male,$7.84,34,90,2,Russia
Rik,Miettinen,rmiettinen1n@creativecommons.org,Male,$6.38,39,50,29,Philippines
Elmo,Jeffs,ejeffs1o@washingtonpost.com,Male,$9.39,9,3,92,Brazil
Braden,Del Monte,bdelmonte1p@marketwatch.com,Male,$8.00,6,36,77,Philippines
Sheilah,Faucett,sfaucett1q@homestead.com,Female,$2.25,13,41,17,Ethiopia
Abigael,Ransom,aransom1r@blogtalkradio.com,Female,$6.12,33,95,27,Poland
Valentine,Irce,virce1s@prlog.org,Male,$6.64,38,60,39,South Korea
Kaylee,Boden,kboden1t@wufoo.com,Female,$0.97,22,94,70,Brazil
Irwinn,Joselson,ijoselson1u@1688.com,Male,$4.97,21,58,99,China
Rhea,Bardsley,rbardsley1v@netscape.com,Female,$9.70,43,67,54,France
Elden,Reford,ereford1w@craigslist.org,Male,$2.77,47,42,5,China
Cris,Kiddie,ckiddie1x@ucoz.ru,Female,$7.93,30,73,88,Mexico
Noni,Bartomeu,nbartomeu1y@webmd.com,Female,$1.14,3,50,91,Ivory Coast
Guilbert,Acors,gacors1z@cpanel.net,Male,$5.69,74,81,22,Peru
Clevey,Pegram,cpegram20@ox.ac.uk,Male,$5.21,20,72,47,United States
Veronica,Pischof,vpischof21@nps.gov,Female,$8.94,28,25,3,Germany
Morgan,Lujan,mlujan22@irs.gov,Female,$8.57,83,75,50,South Korea
Gal,Bamborough,gbamborough23@google.nl,Male,$7.23,99,14,66,Czech Republic
Joby,Binnie,jbinnie24@reuters.com,Female,$2.67,32,31,33,Guatemala
Kennie,Boltwood,kboltwood25@1688.com,Male,$3.98,78,8,80,Paraguay
Lyle,McCadden,lmccadden26@hugedomains.com,Male,$3.60,14,72,26,Indonesia
Ewart,Sybe,esybe27@timesonline.co.uk,Male,$3.50,5,94,93,United States
Rosemarie,Elks,relks28@senate.gov,Female,$3.85,39,62,85,France
Cati,Sulland,csulland29@biglobe.ne.jp,Female,$6.35,43,33,51,China
Boot,Loudon,bloudon2a@phoca.cz,Male,$8.42,3,97,74,Myanmar
Leeann,Papes,lpapes2b@mit.edu,Female,$3.38,2,75,38,Ecuador
Darci,Basketter,dbasketter2c@hc360.com,Female,$7.16,49,81,29,Serbia
Effie,Maycock,emaycock2d@tiny.cc,Female,$5.89,68,16,35,Ukraine
Gwyneth,Filippazzo,gfilippazzo2e@imgur.com,Female,$0.93,37,21,82,Peru
Pinchas,Hatwell,phatwell2f@hud.gov,Male,$9.99,22,68,75,Poland
Micheal,Order,morder2g@wordpress.com,Male,$5.59,10,76,92,Greece
Wendye,Dubbin,wdubbin2h@merriam-webster.com,Female,$0.84,31,56,29,Vietnam
Godfry,Loudiane,gloudiane2i@a8.net,Male,$6.23,80,46,52,China
Farrel,Ropkins,fropkins2j@mac.com,Male,$1.69,3,1,2,Philippines
Ike,Nisbet,inisbet2k@tripod.com,Male,$3.11,16,16,89,Cuba
Dolf,Torrese,dtorrese2l@tmall.com,Male,$1.14,97,52,37,Benin
Murvyn,Langston,mlangston2m@ebay.co.uk,Male,$1.18,88,18,25,Ukraine
Theresita,Rickaby,trickaby2n@time.com,Female,$1.67,64,37,63,United States
Rancell,MacNulty,rmacnulty2o@cisco.com,Male,$5.41,66,68,37,China
Kahlil,Lloyd-Williams,klloydwilliams2p@vistaprint.com,Male,$2.69,63,79,1,Mongolia
Sigfried,McIlmurray,smcilmurray2q@springer.com,Male,$7.66,8,79,42,Iran
Dame,Rosenwald,drosenwald2r@cam.ac.uk,Male,$6.42,15,3,65,Russia
Tiler,Bygott,tbygott2s@baidu.com,Male,$5.50,49,9,47,Philippines
Lonnard,Etteridge,letteridge2t@studiopress.com,Male,$3.00,84,57,67,Palestinian Territory
Sebastian,Bermingham,sbermingham2u@lycos.com,Male,$4.71,41,32,45,China
Gail,Zamora,gzamora2v@reddit.com,Male,$6.59,55,54,36,China
Barnaby,Jowling,bjowling2w@shutterfly.com,Male,$2.29,6,26,95,China
Benton,Waldocke,bwaldocke2x@jimdo.com,Male,$7.99,20,48,84,China
Corabel,Fermor,cfermor2y@youtu.be,Female,$0.56,65,42,43,Ukraine
Erin,Opy,eopy2z@paginegialle.it,Female,$1.57,22,2,77,Czech Republic
George,Himsworth,ghimsworth30@woothemes.com,Male,$4.05,76,83,22,Germany
Minny,Cultcheth,mcultcheth31@sourceforge.net,Female,$5.49,89,76,68,Comoros
Oona,Schapiro,oschapiro32@princeton.edu,Female,$1.13,94,44,93,Ukraine
Brigid,Eddowes,beddowes33@webnode.com,Female,$0.23,62,21,26,Czech Republic
Phillis,Cofax,pcofax34@netvibes.com,Female,$8.65,71,71,4,Brazil
Flint,De Bernardis,fdebernardis35@google.fr,Male,$1.56,94,48,92,Luxembourg
Cornell,Kobel,ckobel36@house.gov,Male,$9.71,67,28,76,Cuba
Gisella,Cordell,gcordell37@symantec.com,Female,$1.88,30,4,42,Paraguay
Tomkin,Torrie,ttorrie38@umich.edu,Male,$4.22,62,19,54,Portugal
Kevon,Leele,kleele39@comcast.net,Male,$5.54,30,2,59,Russia
Lamar,Turgoose,lturgoose3a@goo.gl,Male,$2.23,25,36,79,Cameroon
Fleming,Matussevich,fmatussevich3b@disqus.com,Male,$1.61,80,27,57,Philippines
Marika,Lynett,mlynett3c@sogou.com,Female,$4.75,15,44,53,Philippines
Chrystel,Borne,cborne3d@hugedomains.com,Female,$3.26,88,55,13,Philippines
Joellen,Roots,jroots3e@ca.gov,Female,$6.17,39,18,25,Poland
Pacorro,Summerson,psummerson3f@histats.com,Male,$8.32,10,95,62,Benin
Charin,Signori,csignori3g@wix.com,Female,$1.37,82,27,31,Peru
Fletcher,MacTrustey,fmactrustey3h@woothemes.com,Male,$6.07,23,58,65,Russia
Bev,Ronaldson,bronaldson3i@desdev.cn,Male,$5.14,75,7,70,Ivory Coast
Cornall,Sam,csam3j@squidoo.com,Male,$9.33,84,3,54,Russia
Nelia,Glasheen,nglasheen3k@vk.com,Female,$8.05,67,79,18,China
Raynell,Crutchley,rcrutchley3l@disqus.com,Female,$0.19,80,46,46,Russia
Alley,Di Boldi,adiboldi3m@dmoz.org,Male,$3.40,24,65,90,Philippines
Meredeth,Labusch,mlabusch3n@sakura.ne.jp,Male,$9.47,8,25,86,Indonesia
Maddie,Blowes,mblowes3o@sciencedirect.com,Female,$3.56,18,89,77,Indonesia
Joelie,Birds,jbirds3p@zimbio.com,Female,$2.95,26,51,14,Philippines
Dede,Varren,dvarren3q@apache.org,Female,$6.12,5,60,17,Brazil
Caralie,Penson,cpenson3r@histats.com,Female,$3.94,62,4,97,Ethiopia
Florentia,Ballantyne,fballantyne3s@nhs.uk,Female,$7.40,23,43,36,Croatia
Ricca,Bergstram,rbergstram3t@reddit.com,Female,$8.84,16,25,74,Madagascar
Jannel,Kliement,jkliement3u@discuz.net,Female,$2.41,29,68,16,Indonesia
Ernestus,Bellerby,ebellerby3v@jalbum.net,Male,$5.84,94,96,66,Eritrea
Pippy,Thyng,pthyng3w@redcross.org,Female,$3.97,49,46,28,Sweden
Demetris,Rawcliff,drawcliff3x@ezinearticles.com,Female,$2.45,84,35,57,Panama
Bonnie,Gynne,bgynne3y@opera.com,Female,$0.76,54,44,51,China
Kaleena,O'Scanlan,koscanlan3z@wunderground.com,Female,$4.41,45,3,3,Colombia
Gerti,Erskin,gerskin40@people.com.cn,Female,$4.73,94,34,58,China
Izzy,Blizard,iblizard41@netscape.com,Male,$2.11,5,7,16,Portugal
Joane,Ceschi,jceschi42@bluehost.com,Female,$4.91,59,41,6,Philippines
Chane,Hightown,chightown43@list-manage.com,Male,$7.47,97,31,10,Greece
Kellby,Fritchley,kfritchley44@huffingtonpost.com,Male,$5.26,37,60,17,Thailand
Traver,Whiteland,twhiteland45@webmd.com,Male,$7.83,25,47,58,Sweden
Harriette,Harg,hharg46@amazon.co.uk,Female,$6.81,78,41,97,Russia
Mirella,Staton,mstaton47@angelfire.com,Female,$8.80,88,6,14,Honduras
Imogene,Linneman,ilinneman48@hatena.ne.jp,Female,$6.91,89,50,7,Indonesia
Jackson,Dismore,jdismore49@ebay.co.uk,Male,$6.59,71,100,71,Czech Republic
Olin,Shurey,oshurey4a@flavors.me,Male,$0.17,90,1,52,Norway
Mychal,Fishburn,mfishburn4b@vistaprint.com,Male,$4.31,84,8,11,Serbia
Ramsay,Drohane,rdrohane4c@jugem.jp,Male,$3.83,42,91,37,China
Suki,Passingham,spassingham4d@spiegel.de,Female,$5.34,96,69,40,New Zealand
Fleming,Adamson,fadamson4e@usgs.gov,Male,$4.14,69,52,2,Portugal
Lynette,Plowman,lplowman4f@meetup.com,Female,$0.15,24,99,48,Hungary
Genia,Costar,gcostar4g@nba.com,Female,$8.86,61,24,16,China
Lotty,Alanbrooke,lalanbrooke4h@google.de,Female,$3.44,26,20,23,Portugal
Alasdair,Shimman,ashimman4i@quantcast.com,Male,$8.02,41,23,86,Mauritius
Jake,Raspel,jraspel4j@google.com.br,Male,$6.90,18,20,54,Brazil
Robby,Zanneli,rzanneli4k@yellowbook.com,Female,$8.31,6,95,4,Haiti
Fayette,Chave,fchave4l@sina.com.cn,Female,$3.77,41,32,78,Bangladesh
Nelle,Haster,nhaster4m@skype.com,Female,$9.65,62,8,89,Russia
Celestina,Aukland,caukland4n@noaa.gov,Female,$8.15,89,53,64,Malaysia
Bradley,Jerok,bjerok4o@storify.com,Male,$9.49,91,26,100,Ecuador
Cirilo,McKirton,cmckirton4p@reverbnation.com,Male,$7.21,85,55,20,Sweden
Rodolph,Baytrop,rbaytrop4q@jugem.jp,Male,$7.07,49,45,11,China
Deloris,Goodoune,dgoodoune4r@bloglovin.com,Female,$5.79,100,48,73,Japan
Sammie,Coll,scoll4s@icio.us,Male,$9.01,15,26,71,Nepal
Faulkner,Cranidge,fcranidge4t@istockphoto.com,Male,$3.45,58,67,67,China
Floria,Ebsworth,febsworth4u@trellian.com,Female,$3.53,34,86,51,Indonesia
Bendicty,Baudrey,bbaudrey4v@google.com.hk,Male,$5.36,33,38,42,Mauritius
Laurie,Easen,leasen4w@examiner.com,Male,$9.33,88,3,90,Sweden
Amye,Martynov,amartynov4x@eepurl.com,Female,$5.85,60,92,58,China
Monty,Swinburn,mswinburn4y@clickbank.net,Male,$9.95,99,81,92,Russia
Herbie,Conyer,hconyer4z@lulu.com,Male,$7.35,44,9,38,China
Benedicto,Greep,bgreep50@bluehost.com,Male,$4.32,89,26,70,Brazil
Fletch,Griffe,fgriffe51@histats.com,Male,$6.92,73,86,21,Gambia
Leonid,Caldaro,lcaldaro52@cnet.com,Male,$6.08,78,14,6,Poland
Gris,Stearn,gstearn53@thetimes.co.uk,Male,$8.23,93,93,33,China
Kriste,Whall,kwhall54@ucsd.edu,Female,$6.41,47,39,95,Philippines
Celestyn,Frissell,cfrissell55@google.com.hk,Female,$9.26,92,1,20,Philippines
Myrna,Bohey,mbohey56@goodreads.com,Female,$8.75,57,69,94,China
Frank,Hrishanok,fhrishanok57@webeden.co.uk,Male,$5.93,59,70,55,China
Hali,Whiscard,hwhiscard58@europa.eu,Female,$3.60,4,67,52,Philippines
Glenn,Pisco,gpisco59@icio.us,Male,$3.97,81,95,68,Sweden
Abbe,Gregr,agregr5a@ycombinator.com,Female,$8.18,97,55,1,Argentina
Julissa,Cazereau,jcazereau5b@surveymonkey.com,Female,$4.05,67,66,80,Zimbabwe
Sybille,Laible,slaible5c@globo.com,Female,$7.60,25,2,17,Brazil
Anissa,Boteman,aboteman5d@columbia.edu,Female,$7.85,30,55,13,Saudi Arabia
Dexter,Moger,dmoger5e@biglobe.ne.jp,Male,$2.10,98,61,93,Brazil
Elinor,Klimov,eklimov5f@mail.ru,Female,$4.06,67,17,89,Indonesia
Dianna,Loveredge,dloveredge5g@mashable.com,Female,$1.93,14,19,54,Turkmenistan
Mariya,Rounsivall,mrounsivall5h@gmpg.org,Female,$1.00,3,86,12,China
Ainslee,Hardman,ahardman5i@w3.org,Female,$7.85,30,49,61,Cuba
Adelbert,Pendock,apendock5j@oracle.com,Male,$9.31,24,87,78,Guadeloupe
Cyrill,Stemson,cstemson5k@deviantart.com,Male,$8.14,39,11,18,Japan
Arie,Dainter,adainter5l@bigcartel.com,Male,$0.01,10,58,39,Indonesia
Chucho,Glasman,cglasman5m@mysql.com,Male,$0.82,89,16,95,Indonesia
Perla,Piddlesden,ppiddlesden5n@desdev.cn,Female,$2.59,66,42,45,Canada
Corey,Stot,cstot5o@zimbio.com,Female,$8.80,63,76,33,Indonesia
Nat,Wadeling,nwadeling5p@gravatar.com,Male,$8.89,7,39,89,Indonesia
Harri,Few,hfew5q@last.fm,Female,$2.45,50,7,74,Greece
Courtnay,Machon,cmachon5r@sitemeter.com,Male,$1.11,64,59,29,Ukraine
Crin,Gimblet,cgimblet5s@ftc.gov,Female,$6.20,14,80,26,Poland
Binnie,McCart,bmccart5t@weibo.com,Female,$9.04,51,91,20,Bosnia and Herzegovina
Aristotle,Cawthry,acawthry5u@globo.com,Male,$6.12,93,97,37,Indonesia
Britta,Yarham,byarham5v@dailymail.co.uk,Female,$3.97,11,73,53,Thailand
Kellen,Barrowclough,kbarrowclough5w@webeden.co.uk,Female,$6.55,31,89,42,North Korea
Eudora,Scarlan,escarlan5x@g.co,Female,$1.06,56,18,42,Ireland
Henriette,Wiggin,hwiggin5y@etsy.com,Female,$9.84,57,35,38,France
Bernetta,Norcop,bnorcop5z@elegantthemes.com,Female,$4.23,44,93,59,Indonesia
Granny,Diggell,gdiggell60@cbsnews.com,Male,$2.11,13,64,68,Russia
Corbett,Jaffray,cjaffray61@feedburner.com,Male,$8.01,61,32,84,Brazil
Alayne,McGoogan,amcgoogan62@soundcloud.com,Female,$0.60,65,74,8,China
Silvio,Khomin,skhomin63@edublogs.org,Male,$2.60,15,68,10,Indonesia
Claus,Abilowitz,cabilowitz64@narod.ru,Male,$7.38,23,71,33,Czech Republic
Anders,Hollebon,ahollebon65@blogs.com,Male,$1.48,94,34,55,Pakistan
Gussie,Musker,gmusker66@go.com,Female,$6.26,39,89,67,China
Aleen,Napier,anapier67@amazon.com,Female,$7.19,94,70,71,Norway
Ann,McGeorge,amcgeorge68@aboutads.info,Female,$9.37,73,92,26,Indonesia
Tarrance,Beauman,tbeauman69@xinhuanet.com,Male,$3.07,99,89,68,Nigeria
Iorgos,Acland,iacland6a@xrea.com,Male,$3.21,73,24,62,Slovenia
Teresa,Golborne,tgolborne6b@163.com,Female,$0.62,60,83,53,France
Felicity,Escofier,fescofier6c@godaddy.com,Female,$1.41,22,42,90,China
Derrik,Amphlett,damphlett6d@timesonline.co.uk,Male,$6.72,39,41,12,Russia
Mariel,Carefull,mcarefull6e@scientificamerican.com,Female,$4.71,19,1,33,Netherlands
Sabina,Muselli,smuselli6f@eventbrite.com,Female,$2.81,30,98,57,Peru
Giles,Wanka,gwanka6g@woothemes.com,Male,$4.15,20,87,97,Indonesia
Shelden,Perett,sperett6h@oaic.gov.au,Male,$5.84,83,13,16,Russia
Willette,Dray,wdray6i@tripadvisor.com,Female,$5.52,31,91,11,China
Christal,Chastand,cchastand6j@omniture.com,Female,$8.54,88,59,50,Ukraine
Gisela,Cookes,gcookes6k@jiathis.com,Female,$9.76,98,13,77,China
Idalia,Pringuer,ipringuer6l@answers.com,Female,$7.81,34,5,65,Japan
Leonhard,Lowdiane,llowdiane6m@bbc.co.uk,Male,$0.67,16,20,26,Indonesia
Sibilla,Blacket,sblacket6n@tumblr.com,Female,$3.68,30,84,94,Ghana
Harrison,Bonifazio,hbonifazio6o@ted.com,Male,$9.72,66,53,60,Czech Republic
Reece,Meritt,rmeritt6p@wikia.com,Male,$0.93,52,18,35,United States
Jess,Dominichelli,jdominichelli6q@sitemeter.com,Male,$3.30,8,91,52,China
Veronica,Dunsire,vdunsire6r@comsenz.com,Female,$0.79,76,33,79,Montenegro
Alena,Titford,atitford6s@ft.com,Female,$3.62,71,47,6,Peru
Johna,Cowling,jcowling6t@ed.gov,Female,$5.43,23,25,77,Norway
Owen,Di Frisco,odifrisco6u@posterous.com,Male,$0.67,30,32,2,South Korea
Fulton,Ellyatt,fellyatt6v@usa.gov,Male,$6.41,40,76,45,Chad
Barron,Ainger,bainger6w@netscape.com,Male,$4.75,53,13,70,Sudan
Harley,Stading,hstading6x@163.com,Female,$2.97,19,40,23,Portugal
Jeannette,Scrivener,jscrivener6y@ezinearticles.com,Female,$5.24,20,23,70,Colombia
Stoddard,Southward,ssouthward6z@umn.edu,Female,$2.12,99,73,98,Bolivia
Cull,Count,ccount70@berkeley.edu,Male,$8.11,48,40,43,Brazil
Loren,Barabisch,lbarabisch71@ning.com,Male,$9.92,54,52,85,Peru
Rossie,Clowley,rclowley72@china.com.cn,Male,$1.31,49,53,23,China
Valaree,Burnip,vburnip73@seesaa.net,Female,$0.93,52,9,83,Poland
Ida,Ablott,iablott74@shutterfly.com,Female,$9.19,52,53,21,Philippines
Allison,Harcase,aharcase75@xrea.com,Female,$1.50,57,84,53,China
Darsie,Fere,dfere76@cbsnews.com,Female,$9.55,35,34,2,China
Nissy,Hughman,nhughman77@msn.com,Female,$7.05,68,82,42,Palestinian Territory
Jeanie,Facchini,jfacchini78@ucla.edu,Female,$2.84,28,7,54,Sweden
Miquela,Rapper,mrapper79@linkedin.com,Female,$2.78,46,43,10,China
Dom,Mathison,dmathison7a@cbslocal.com,Male,$6.73,43,17,21,Luxembourg
Ulrika,Minihane,uminihane7b@cbslocal.com,Female,$2.14,4,74,78,Russia
Rodger,Demougeot,rdemougeot7c@blogtalkradio.com,Male,$4.77,92,30,74,Poland
Dex,Ech,dech7d@vistaprint.com,Male,$3.58,57,77,71,Brazil
Rollo,Sarsons,rsarsons7e@indiegogo.com,Male,$7.52,9,56,83,Indonesia
Colby,MacCracken,cmaccracken7f@hao123.com,Male,$2.68,8,33,63,Indonesia
Brynna,Simeoni,bsimeoni7g@ed.gov,Female,$1.44,80,7,51,China
Ibrahim,Palk,ipalk7h@go.com,Male,$6.04,17,71,5,Nigeria
Harald,Tschiersch,htschiersch7i@accuweather.com,Male,$7.77,91,6,12,Russia
Adrian,Boatright,aboatright7j@yale.edu,Male,$4.27,82,85,84,Philippines
Kristien,Matthews,kmatthews7k@wix.com,Female,$1.23,30,96,12,Indonesia
Rubie,Kleszinski,rkleszinski7l@bbb.org,Female,$2.00,46,75,46,Sweden
Hedda,Spivey,hspivey7m@webs.com,Female,$0.20,88,46,40,China
Griswold,Maruska,gmaruska7n@linkedin.com,Male,$2.94,50,39,78,Ecuador
Russell,Scarsbrook,rscarsbrook7o@tiny.cc,Male,$6.69,8,71,38,Bosnia and Herzegovina
Kaye,Allawy,kallawy7p@hhs.gov,Female,$1.16,48,31,27,Russia
Tobie,Shearstone,tshearstone7q@walmart.com,Male,$4.66,38,21,29,Sweden
Nap,Pays,npays7r@vkontakte.ru,Male,$2.72,2,82,90,Brazil
Ring,Vigietti,rvigietti7s@rambler.ru,Male,$5.89,1,23,24,Greece
Calida,Kopisch,ckopisch7t@newyorker.com,Female,$3.23,99,4,76,China
Link,Hamsson,lhamsson7u@infoseek.co.jp,Male,$0.82,79,14,90,Indonesia
Ailina,Buckham,abuckham7v@so-net.ne.jp,Female,$7.46,65,92,78,Indonesia
Tedman,Mattiazzo,tmattiazzo7w@skype.com,Male,$4.54,46,100,11,Pakistan
Bourke,Latehouse,blatehouse7x@oracle.com,Male,$6.03,64,26,98,Kenya
Der,Pfeuffer,dpfeuffer7y@joomla.org,Male,$3.06,80,37,50,China
Arleta,Gair,agair7z@e-recht24.de,Female,$5.15,57,73,49,Czech Republic
Stephan,Harnell,sharnell80@wix.com,Male,$6.73,4,30,86,Guatemala
Katti,Hazelgreave,khazelgreave81@google.com.br,Female,$1.02,89,5,80,Indonesia
Claiborne,Keen,ckeen82@jalbum.net,Male,$2.22,10,72,62,China
Marne,Hubback,mhubback83@irs.gov,Female,$1.77,52,2,11,Philippines
Marco,Eingerfield,meingerfield84@mysql.com,Male,$0.61,79,49,85,Sweden
Jamesy,Pretley,jpretley85@usgs.gov,Male,$2.79,97,86,22,Ukraine
Bert,Branchet,bbranchet86@springer.com,Female,$5.30,62,46,79,Mauritius
Camile,Colson,ccolson87@dyndns.org,Female,$9.06,48,25,96,China
Ingrim,McGinley,imcginley88@europa.eu,Male,$5.24,58,31,30,Indonesia
Hubie,Easeman,heaseman89@telegraph.co.uk,Male,$6.31,44,65,46,China
Leola,Casin,lcasin8a@slate.com,Female,$7.72,77,64,81,South Korea
La verne,Ciccarelli,lciccarelli8b@china.com.cn,Female,$9.33,18,62,98,Ukraine
Gustie,Baum,gbaum8c@un.org,Female,$2.75,79,1,78,Canada
Shelba,Piquard,spiquard8d@hugedomains.com,Female,$0.91,73,42,91,China
Wilfred,Gebby,wgebby8e@unicef.org,Male,$7.36,91,35,14,Indonesia
Miltie,Hackey,mhackey8f@canalblog.com,Male,$6.66,63,21,98,Micronesia
Aline,Malkinson,amalkinson8g@mediafire.com,Female,$3.81,34,43,96,China
Thurstan,Nassie,tnassie8h@weibo.com,Male,$5.66,21,88,100,Argentina
Zsa zsa,Sterndale,zsterndale8i@squidoo.com,Female,$6.24,63,16,91,Portugal
Claudelle,Abel,cabel8j@bloglovin.com,Female,$8.23,47,57,17,Portugal
Tamas,MacMurray,tmacmurray8k@mozilla.com,Male,$4.31,16,45,88,China
Alyda,Juggings,ajuggings8l@joomla.org,Female,$0.77,63,65,9,Argentina
Gretna,Hebble,ghebble8m@unesco.org,Female,$1.02,86,89,70,Indonesia
Prisca,Linbohm,plinbohm8n@wikimedia.org,Female,$7.08,9,10,83,Czech Republic
Mahmoud,Jennrich,mjennrich8o@smh.com.au,Male,$6.21,82,53,5,Japan
Mel,Poulton,mpoulton8p@exblog.jp,Female,$1.35,100,92,9,North Korea
Darlene,Meaton,dmeaton8q@cbsnews.com,Female,$9.57,78,86,16,Poland
Paxon,Vasilyevski,pvasilyevski8r@4shared.com,Male,$6.88,99,22,87,China
Mordecai,Skydall,mskydall8s@prweb.com,Male,$8.14,25,31,12,United States
Viki,Pressey,vpressey8t@google.ca,Female,$8.66,14,90,27,Tanzania
Sayre,Greger,sgreger8u@google.com.hk,Male,$9.47,24,18,9,Mauritania
Taffy,Rathmell,trathmell8v@soup.io,Female,$5.98,11,37,83,China
Tierney,Roebuck,troebuck8w@wisc.edu,Female,$4.53,97,19,45,Canada
Katrine,Pulteneye,kpulteneye8x@phpbb.com,Female,$3.52,64,60,49,Australia
Richy,Minto,rminto8y@elpais.com,Male,$5.77,36,53,1,Sweden
Gill,Ferebee,gferebee8z@mapy.cz,Female,$0.82,87,21,4,Iraq
Scottie,Wordsley,swordsley90@cafepress.com,Male,$4.24,3,73,88,China
Pascale,Ajean,pajean91@ifeng.com,Male,$0.03,73,72,20,Indonesia
Napoleon,Afonso,nafonso92@wikipedia.org,Male,$1.27,55,7,12,Colombia
Sterling,Wickling,swickling93@cnet.com,Male,$8.89,27,64,53,Portugal
Mattheus,Edsell,medsell94@craigslist.org,Male,$0.74,6,92,58,China
Barny,Rawsthorne,brawsthorne95@angelfire.com,Male,$6.65,70,68,63,China
Aileen,Beadnell,abeadnell96@thetimes.co.uk,Female,$7.50,42,4,86,Japan
Maxwell,Cale,mcale97@cpanel.net,Male,$6.86,16,73,31,Syria
Darryl,Kleisle,dkleisle98@ft.com,Female,$4.83,6,59,86,Philippines
Claiborne,Fairman,cfairman99@google.co.uk,Male,$9.52,32,93,87,Jordan
Gorden,Ogger,gogger9a@bizjournals.com,Male,$6.16,38,84,82,China
Sebastian,Edie,sedie9b@apple.com,Male,$7.27,18,52,84,Russia
Tallia,Hancock,thancock9c@microsoft.com,Female,$1.60,69,96,90,Guatemala
Joceline,Ingamells,jingamells9d@pen.io,Female,$4.65,1,73,9,Moldova
Field,Selbie,fselbie9e@wix.com,Male,$7.08,16,11,90,Northern Mariana Islands
Gwenny,Rozzell,grozzell9f@bbc.co.uk,Female,$9.23,25,96,81,Poland
Tito,Reast,treast9g@hc360.com,Male,$4.33,11,26,14,Brazil
El,Dunley,edunley9h@hibu.com,Male,$8.68,69,16,13,Egypt
Tiebold,Kitlee,tkitlee9i@elpais.com,Male,$2.69,35,29,16,Netherlands
Tadd,Salvadori,tsalvadori9j@creativecommons.org,Male,$0.66,82,100,35,Poland
Cassi,Baldrick,cbaldrick9k@wsj.com,Female,$0.37,73,56,50,Chile
Cate,Demetr,cdemetr9l@yale.edu,Female,$9.68,21,73,25,Russia
Franz,De Hailes,fdehailes9m@arstechnica.com,Male,$1.47,38,62,85,United States
Blake,Brownill,bbrownill9n@google.com,Female,$3.52,51,76,63,Vietnam
Victor,Muscat,vmuscat9o@engadget.com,Male,$0.79,11,87,62,Indonesia
Edward,Byart,ebyart9p@elpais.com,Male,$3.15,44,21,2,China
Dahlia,Kroll,dkroll9q@un.org,Female,$6.19,28,96,92,Syria
Bobby,De Blasi,bdeblasi9r@msu.edu,Male,$2.89,51,4,76,China
Giraldo,Itzcak,gitzcak9s@indiatimes.com,Male,$5.04,8,15,82,China
Barbara-anne,Maplethorpe,bmaplethorpe9t@chronoengine.com,Female,$0.94,78,85,8,China
Eliot,Starmont,estarmont9u@chron.com,Male,$6.92,86,53,26,China
Ivor,Bum,ibum9v@storify.com,Male,$0.91,59,76,26,Portugal
Bartel,Megroff,bmegroff9w@i2i.jp,Male,$7.61,33,58,59,China
Kelby,Benn,kbenn9x@tripadvisor.com,Male,$5.64,43,55,84,Russia
Ware,Deporte,wdeporte9y@angelfire.com,Male,$0.89,48,50,21,Peru
Rhys,Perello,rperello9z@usa.gov,Male,$2.15,70,4,88,Brazil
Annette,Trouel,atrouela0@dell.com,Female,$8.60,11,10,85,Indonesia
Naomi,Embery,nemberya1@narod.ru,Female,$9.36,94,81,88,Botswana
Alasdair,Cantos,acantosa2@istockphoto.com,Male,$5.19,51,65,65,Vietnam
Kalli,Orrett,korretta3@google.com,Female,$3.20,54,78,100,South Korea
Garry,Soffe,gsoffea4@hatena.ne.jp,Male,$7.76,15,18,38,Indonesia
Norbert,Hatherell,nhatherella5@google.co.jp,Male,$5.95,83,30,96,China
Edlin,Norcock,enorcocka6@ask.com,Male,$1.55,93,93,1,Philippines
Angelita,Wimbridge,awimbridgea7@de.vu,Female,$2.18,7,33,53,Myanmar
Dare,McTague,dmctaguea8@jalbum.net,Male,$6.89,40,99,72,Russia
Sigmund,Ellcock,sellcocka9@sbwire.com,Male,$9.15,4,34,99,Indonesia
Berny,Fripp,bfrippaa@51.la,Male,$7.56,92,56,37,Indonesia
Lin,Erbain,lerbainab@businesswire.com,Male,$4.09,9,46,68,China
Peterus,Dawbery,pdawberyac@cafepress.com,Male,$1.05,3,33,24,Indonesia
Isidro,Chainey,ichaineyad@earthlink.net,Male,$6.80,56,57,100,United States
Nicko,Tallboy,ntallboyae@sohu.com,Male,$7.81,70,3,4,Russia
Leopold,Ladbrook,lladbrookaf@domainmarket.com,Male,$0.42,84,27,86,Japan
Pernell,Cominotti,pcominottiag@pagesperso-orange.fr,Male,$6.45,21,33,30,Russia
Waldon,Coakley,wcoakleyah@fotki.com,Male,$4.42,42,31,48,Mauritius
Rolland,Audenis,raudenisai@flickr.com,Male,$2.91,13,96,43,Czech Republic
Stefano,Cereceres,scereceresaj@cnn.com,Male,$2.97,2,77,88,Russia
Melania,Flowitt,mflowittak@ovh.net,Female,$2.03,58,87,84,Indonesia
Luciano,Canland,lcanlandal@nhs.uk,Male,$8.78,2,75,59,China
Salli,Oakenfall,soakenfallam@upenn.edu,Female,$3.15,6,88,97,China
Carole,Meadus,cmeadusan@dropbox.com,Female,$8.60,34,59,55,China
Raddy,Trevaskus,rtrevaskusao@bbc.co.uk,Male,$0.77,59,2,80,Indonesia
Dennet,Danigel,ddanigelap@newsvine.com,Male,$7.34,62,66,12,Indonesia
Sal,Sprake,ssprakeaq@google.cn,Female,$9.97,92,1,87,Australia
Pren,Blakemore,pblakemorear@t-online.de,Male,$2.17,22,83,15,Bangladesh
Fay,Ginger,fgingeras@nsw.gov.au,Female,$2.94,72,80,37,Albania
Gib,Fortesquieu,gfortesquieuat@washingtonpost.com,Male,$2.36,27,9,78,Ukraine
Wilden,Lambersen,wlambersenau@chronoengine.com,Male,$8.32,43,11,42,Russia
Cherilyn,Gay,cgayav@cnet.com,Female,$9.93,76,25,15,Brazil
Roseline,Balfre,rbalfreaw@mlb.com,Female,$5.41,97,81,75,Portugal
Nestor,Tarborn,ntarbornax@timesonline.co.uk,Male,$9.22,82,91,58,Chile
Allyson,Arne,aarneay@liveinternet.ru,Female,$6.50,16,89,44,Ukraine
Larine,Nurcombe,lnurcombeaz@huffingtonpost.com,Female,$3.30,53,42,33,Mexico
Tiebold,Cordeiro,tcordeirob0@gnu.org,Male,$3.88,5,1,33,Netherlands
Rossie,Bygrave,rbygraveb1@vinaora.com,Male,$0.70,98,73,76,Namibia
Jenifer,Ludovico,jludovicob2@home.pl,Female,$8.10,99,59,15,China
Dun,Hidderley,dhidderleyb3@elegantthemes.com,Male,$4.24,50,27,45,Vietnam
Celesta,Lawerence,clawerenceb4@java.com,Female,$7.14,2,9,62,Indonesia
Muffin,Hackwell,mhackwellb5@dropbox.com,Male,$1.76,39,55,12,China
Glynis,Menchenton,gmenchentonb6@ifeng.com,Female,$3.24,29,64,57,China
Kelwin,Craigmyle,kcraigmyleb7@woothemes.com,Male,$1.40,97,5,55,Sweden
Arlee,Takis,atakisb8@dailymail.co.uk,Female,$1.32,19,71,17,Indonesia
Greg,Klawi,gklawib9@cloudflare.com,Male,$9.46,64,38,81,Indonesia
Monro,Brekonridge,mbrekonridgeba@cnet.com,Male,$4.33,27,43,20,Brazil
Gae,Pietersma,gpietersmabb@google.co.jp,Female,$2.88,39,16,21,China
Gerti,Reynoollds,greynoolldsbc@umich.edu,Female,$5.11,29,68,73,United States
Annadiane,Jerg,ajergbd@youku.com,Female,$2.81,98,64,7,Argentina
Shurwood,Parker,sparkerbe@tinyurl.com,Male,$4.31,90,70,97,Democratic Republic of the Congo
Manuel,Nowakowska,mnowakowskabf@netlog.com,Male,$4.58,32,96,18,Russia
Mercie,Bilbery,mbilberybg@adobe.com,Female,$1.19,70,76,17,Mongolia
Alanah,Robberecht,arobberechtbh@wikia.com,Female,$2.09,11,19,14,Russia
Petr,Tollady,ptolladybi@ezinearticles.com,Male,$4.63,98,61,56,China
Ringo,Vallis,rvallisbj@xrea.com,Male,$9.52,45,57,81,Madagascar
Alissa,Cardenosa,acardenosabk@quantcast.com,Female,$7.96,30,56,81,Vietnam
Fredek,King,fkingbl@nyu.edu,Male,$1.15,80,57,83,Tunisia
Skye,Poulglais,spoulglaisbm@nifty.com,Male,$3.92,95,42,74,Greece
Bernard,Meys,bmeysbn@google.com.hk,Male,$6.70,22,7,53,China
Courtenay,Thackston,cthackstonbo@twitter.com,Female,$7.32,95,44,83,Mongolia
Torin,Diggar,tdiggarbp@comcast.net,Male,$3.72,24,72,15,China
Ivan,Ainsley,iainsleybq@macromedia.com,Male,$3.91,61,40,52,Russia
Gunner,Pickett,gpickettbr@mtv.com,Male,$3.76,58,8,61,Niger
Fabian,Nesbeth,fnesbethbs@bloomberg.com,Male,$0.04,5,11,90,Uruguay
Pauline,Scarlon,pscarlonbt@unicef.org,Female,$5.95,50,48,47,China
Eleanor,Romei,eromeibu@netscape.com,Female,$4.24,38,54,1,Ukraine
James,Grutchfield,jgrutchfieldbv@joomla.org,Male,$8.02,94,90,24,China
Nikolos,Sebley,nsebleybw@admin.ch,Male,$3.20,84,11,65,Nigeria
Faustina,Billam,fbillambx@cnet.com,Female,$4.91,14,33,10,China
Mariquilla,Cowe,mcoweby@youtube.com,Female,$3.71,63,22,49,Indonesia
Stefa,MacMeeking,smacmeekingbz@go.com,Female,$8.96,13,36,87,Russia
Gayelord,Bestiman,gbestimanc0@columbia.edu,Male,$3.18,30,20,84,Ukraine
Moll,Wasielewicz,mwasielewiczc1@soup.io,Female,$1.99,6,32,91,Colombia
Almeria,Dedney,adedneyc2@theglobeandmail.com,Female,$1.12,73,95,100,Chile
Lazar,Schild,lschildc3@moonfruit.com,Male,$4.93,65,29,7,Indonesia
Mord,Zoppie,mzoppiec4@msn.com,Male,$4.53,87,81,84,Argentina
Martita,McCarthy,mmccarthyc5@nps.gov,Female,$4.81,16,42,66,France
Cybill,Applegarth,capplegarthc6@discovery.com,Female,$0.24,24,38,52,China
Errol,Jirieck,ejirieckc7@liveinternet.ru,Male,$1.70,68,1,27,China
Cos,Norquoy,cnorquoyc8@macromedia.com,Male,$3.97,52,32,23,Philippines
Penny,Rentilll,prentilllc9@freewebs.com,Female,$3.74,12,98,49,Portugal
Miles,Buckmaster,mbuckmasterca@php.net,Male,$1.91,62,89,32,Indonesia
Trever,Dust,tdustcb@dell.com,Male,$4.39,1,69,58,Croatia
Dayle,Tinham,dtinhamcc@typepad.com,Female,$4.60,6,61,80,Philippines
Rhody,Skipperbottom,rskipperbottomcd@sourceforge.net,Female,$0.14,71,62,11,United States
Berne,Cattle,bcattlece@craigslist.org,Male,$5.17,27,73,25,China
Toddie,Lamonby,tlamonbycf@hostgator.com,Male,$6.96,41,71,58,Brazil
Evvy,Vooght,evooghtcg@blogger.com,Female,$0.13,20,6,83,China
Herbie,Mousley,hmousleych@stumbleupon.com,Male,$8.20,90,23,75,Indonesia
Ilsa,Kaliszewski,ikaliszewskici@bigcartel.com,Female,$6.73,63,87,89,Norway
Glynis,Denington,gdeningtoncj@google.de,Female,$3.82,2,48,74,Indonesia
Dacia,Harman,dharmanck@myspace.com,Female,$0.18,21,67,81,Philippines
Welby,Lazenby,wlazenbycl@marriott.com,Male,$7.93,26,54,82,Brazil
Lanna,Fashion,lfashioncm@plala.or.jp,Female,$3.04,87,55,83,France
Constance,Haking,chakingcn@blogspot.com,Female,$3.72,6,42,67,Venezuela
Joeann,Illingworth,jillingworthco@weather.com,Female,$6.64,61,13,72,Sweden
Jenn,Monksfield,jmonksfieldcp@skype.com,Female,$2.62,76,1,83,Peru
Yovonnda,Malec,ymaleccq@unicef.org,Female,$6.18,37,71,28,Indonesia
Chickie,Conrad,cconradcr@ovh.net,Female,$8.75,31,84,79,Sweden
Janetta,Ferronel,jferronelcs@google.de,Female,$7.97,30,15,31,China
Jolyn,Braysher,jbraysherct@woothemes.com,Female,$9.19,1,65,53,Bosnia and Herzegovina
Kathryn,Overington,koveringtoncu@wikimedia.org,Female,$9.40,46,96,39,Sweden
Purcell,Cape,pcapecv@privacy.gov.au,Male,$4.51,71,21,52,Philippines
Chane,Tithacott,ctithacottcw@posterous.com,Male,$6.79,3,69,79,Costa Rica
Efren,Lohrensen,elohrensencx@sina.com.cn,Male,$2.59,3,15,85,Uruguay
Robbin,Dautry,rdautrycy@scribd.com,Female,$2.45,11,39,39,Netherlands
Gray,Wolford,gwolfordcz@narod.ru,Female,$9.57,17,8,59,Mongolia
Nick,Gabe,ngabed0@bing.com,Male,$9.72,99,94,31,China
Yalonda,Colquitt,ycolquittd1@reuters.com,Female,$10.00,96,18,35,Indonesia
Raye,Le Strange,rlestranged2@elegantthemes.com,Female,$0.22,38,39,23,Mexico
Demeter,Hehl,dhehld3@godaddy.com,Female,$1.83,5,49,52,Nigeria
Benedicto,Commins,bcomminsd4@indiatimes.com,Male,$4.05,30,16,90,Poland
Dasie,McKimmie,dmckimmied5@elegantthemes.com,Female,$8.88,62,69,29,Indonesia
Reade,Cupitt,rcupittd6@answers.com,Male,$7.52,52,63,78,Russia
Kora,Cadore,kcadored7@geocities.jp,Female,$1.11,98,34,88,France
Ram,Carrell,rcarrelld8@ucoz.ru,Male,$2.38,100,84,30,Canada
Virgie,O'Spellissey,vospellisseyd9@ca.gov,Male,$6.95,53,12,62,Uruguay
Ty,Woolfall,twoolfallda@rakuten.co.jp,Male,$2.74,84,88,8,Peru
Cory,Bartrap,cbartrapdb@goo.ne.jp,Female,$8.21,49,29,14,China
Ichabod,McClinton,imcclintondc@bloglines.com,Male,$4.40,34,61,85,Senegal
Maxy,Halbord,mhalborddd@reddit.com,Male,$0.89,51,29,7,China
Karyl,Mc Combe,kmccombede@wikimedia.org,Female,$1.89,42,13,27,Japan
Ellyn,Paunton,epauntondf@paypal.com,Female,$1.89,21,82,96,Dominican Republic
Bale,Avey,baveydg@dagondesign.com,Male,$5.95,44,81,58,Poland
Clark,Dewar,cdewardh@ycombinator.com,Male,$6.68,81,100,92,North Korea
Marlee,Loseke,mlosekedi@hibu.com,Female,$5.67,44,94,14,Afghanistan
Galven,Petr,gpetrdj@eepurl.com,Male,$0.08,93,63,21,South Korea
Dannel,Sent,dsentdk@about.me,Male,$7.20,35,37,26,Russia
Rolfe,Levey,rleveydl@ca.gov,Male,$8.41,71,2,90,Mexico
Yorker,Gebhardt,ygebhardtdm@sohu.com,Male,$3.68,89,48,59,Sweden
Pieter,McCrorie,pmccroriedn@feedburner.com,Male,$8.71,39,61,28,Czech Republic
Geoff,Tort,gtortdo@uiuc.edu,Male,$3.89,71,35,61,China
Corabella,Benedito,cbeneditodp@berkeley.edu,Female,$1.20,72,73,48,Macedonia
Marmaduke,Meadmore,mmeadmoredq@shareasale.com,Male,$6.78,14,70,82,Argentina
Benjie,Beatens,bbeatensdr@toplist.cz,Male,$8.02,65,40,37,Japan
Jeanna,Farrah,jfarrahds@is.gd,Female,$6.37,95,52,100,Tanzania
Anderson,Cobley,acobleydt@arstechnica.com,Male,$5.28,40,18,37,Azerbaijan
Cariotta,Porker,cporkerdu@archive.org,Female,$2.97,85,65,5,Indonesia
Meris,Buckell,mbuckelldv@mapy.cz,Female,$8.57,55,16,72,Portugal
Hermie,Housegoe,hhousegoedw@behance.net,Male,$4.84,11,37,5,Japan
Mitchell,Roberto,mrobertodx@tuttocitta.it,Male,$2.75,33,31,94,Philippines
Verina,Kimmings,vkimmingsdy@unc.edu,Female,$2.04,98,59,72,Bulgaria
Marys,Sigward,msigwarddz@oakley.com,Female,$5.30,6,33,37,Indonesia
Corrine,Genthner,cgenthnere0@cornell.edu,Female,$7.66,19,80,88,Brazil
Dolli,Alves,dalvese1@hc360.com,Female,$8.83,87,82,85,China
Petey,Werrit,pwerrite2@hugedomains.com,Male,$8.80,9,53,40,China
Aloin,Farebrother,afarebrothere3@fastcompany.com,Male,$6.65,60,28,35,Philippines
Malynda,Carcas,mcarcase4@deliciousdays.com,Female,$7.37,87,98,38,Russia
Ceil,Simo,csimoe5@list-manage.com,Female,$1.61,60,79,95,Philippines
Edlin,Braiden,ebraidene6@gizmodo.com,Male,$5.67,32,10,33,China
Nadia,Hallwell,nhallwelle7@usa.gov,Female,$1.17,84,40,95,China
Germayne,Coulton,gcoultone8@t.co,Male,$0.60,28,69,99,China
Koralle,Copnall,kcopnalle9@edublogs.org,Female,$0.43,94,69,59,Philippines
Ashbey,Childes,achildesea@drupal.org,Male,$3.99,48,98,95,Belarus
Eduard,Mountjoy,emountjoyeb@is.gd,Male,$8.66,15,69,27,China
Feliks,Springer,fspringerec@patch.com,Male,$3.30,100,33,74,China
Smith,Blaymires,sblaymiresed@mysql.com,Male,$6.58,78,27,58,Brazil
Phillis,Coger,pcogeree@privacy.gov.au,Female,$7.80,68,43,9,Peru
Dov,Allsup,dallsupef@phpbb.com,Male,$0.22,90,10,32,Philippines
Debera,Turtle,dturtleeg@bravesites.com,Female,$8.03,99,84,46,Azerbaijan
Carina,Benesevich,cbenesevicheh@army.mil,Female,$6.33,60,64,15,Peru
Weston,Houdhury,whoudhuryei@macromedia.com,Male,$6.46,17,100,57,China
Gabbey,Choupin,gchoupinej@hostgator.com,Female,$2.38,37,38,18,Bosnia and Herzegovina
Wanids,Aleshintsev,waleshintsevek@nyu.edu,Female,$5.42,42,89,50,China
Nickey,Fairs,nfairsel@booking.com,Male,$1.48,48,46,84,China
Stacee,Greenalf,sgreenalfem@joomla.org,Male,$3.83,83,23,19,Pakistan
Alexine,McInnery,amcinneryen@google.co.jp,Female,$7.21,55,36,59,France
Ramon,Count,rcounteo@domainmarket.com,Male,$6.55,45,14,99,Philippines
Gannon,Hounsham,ghounshamep@csmonitor.com,Male,$8.41,90,66,74,South Korea
Ephrayim,Davydenko,edavydenkoeq@networksolutions.com,Male,$3.31,52,21,12,China
Benton,Treske,btreskeer@xinhuanet.com,Male,$1.13,33,33,22,China
Jerry,Riha,jrihaes@devhub.com,Male,$9.00,94,81,82,China
Kiah,Deniskevich,kdeniskevichet@java.com,Female,$4.10,24,68,2,South Korea
Catharina,Mulligan,cmulliganeu@squarespace.com,Female,$8.19,6,23,99,China
Eal,Surgeoner,esurgeonerev@phpbb.com,Male,$4.86,23,99,67,Germany
Marius,Westnage,mwestnageew@unesco.org,Male,$4.34,73,37,88,Vietnam
Queenie,Faulkes,qfaulkesex@altervista.org,Female,$6.80,90,23,41,China
Fannie,Dart,fdartey@networkadvertising.org,Female,$0.65,14,40,13,Philippines
Dorrie,Polk,dpolkez@wunderground.com,Female,$6.45,5,50,28,Tanzania
Osbourn,Brimmacombe,obrimmacombef0@toplist.cz,Male,$5.31,58,3,43,France
Cordie,Maffetti,cmaffettif1@google.com.br,Male,$3.18,53,51,11,France
Burch,Annett,bannettf2@arstechnica.com,Male,$2.42,82,18,45,Russia
Miguela,Pinyon,mpinyonf3@dion.ne.jp,Female,$8.14,99,46,71,Paraguay
Jethro,Nuth,jnuthf4@barnesandnoble.com,Male,$1.27,35,47,93,Brazil
Drucill,Purveys,dpurveysf5@mail.ru,Female,$2.73,95,7,39,China
Derrick,Remon,dremonf6@google.com.hk,Male,$7.22,69,66,21,Myanmar
Aryn,Nunnerley,anunnerleyf7@prlog.org,Female,$1.51,50,66,77,Niger
Kerrill,Aleksankin,kaleksankinf8@tripadvisor.com,Female,$4.92,17,9,61,Turkmenistan
Roarke,Kissock,rkissockf9@salon.com,Male,$2.73,97,44,52,Indonesia
Pascale,Bride,pbridefa@shareasale.com,Male,$4.55,74,20,74,Brazil
Ahmed,Godart,agodartfb@indiegogo.com,Male,$7.31,56,13,78,China
Marijn,Gabel,mgabelfc@dedecms.com,Male,$3.84,37,28,9,Indonesia
Charyl,Abramamov,cabramamovfd@ycombinator.com,Female,$7.36,15,6,22,China
Koralle,Widdocks,kwiddocksfe@posterous.com,Female,$5.78,92,59,31,Canada
Isa,Critten,icrittenff@reverbnation.com,Male,$2.97,95,70,16,Albania
Gilda,Beaumont,gbeaumontfg@last.fm,Female,$4.35,68,68,40,Russia
Stacy,Eaton,seatonfh@trellian.com,Female,$3.19,94,1,31,Brazil
Willey,Burnhill,wburnhillfi@google.com.br,Male,$2.14,9,26,33,Poland
Cole,Stollenbecker,cstollenbeckerfj@ucoz.ru,Male,$5.76,78,18,13,Czech Republic
Shelden,Rickardsson,srickardssonfk@ibm.com,Male,$7.37,100,86,55,Northern Mariana Islands
Randene,McIlwrath,rmcilwrathfl@about.com,Female,$4.18,21,10,98,Hungary
Christie,Twitchings,ctwitchingsfm@redcross.org,Female,$2.10,34,17,71,Russia
Ignace,Westall,iwestallfn@yandex.ru,Male,$4.74,36,99,31,Russia
Earle,Boomes,eboomesfo@npr.org,Male,$0.35,7,96,91,Russia
Gerianna,Knudsen,gknudsenfp@ovh.net,Female,$0.65,11,73,24,Latvia
Adam,Ping,apingfq@mail.ru,Male,$5.08,20,62,80,Indonesia
Freddy,Mantripp,fmantrippfr@jalbum.net,Female,$0.36,69,25,17,China
Branden,Rose,brosefs@newsvine.com,Male,$5.16,69,65,59,Brazil
Royall,Duce,rduceft@gmpg.org,Male,$3.08,93,43,98,Mexico
De,Magog,dmagogfu@yahoo.co.jp,Female,$6.76,18,2,10,Argentina
Muffin,Itzhak,mitzhakfv@chron.com,Male,$4.20,71,55,94,China
Crystie,Hawkeswood,chawkeswoodfw@admin.ch,Female,$5.36,65,50,47,Indonesia
Nicki,Madeley,nmadeleyfx@eepurl.com,Female,$3.57,43,15,29,Zimbabwe
Geri,Kalinke,gkalinkefy@pen.io,Male,$3.04,30,59,55,Indonesia
Jenny,Abramow,jabramowfz@oaic.gov.au,Female,$4.12,46,88,89,Indonesia
Oren,Eastlake,oeastlakeg0@tripod.com,Male,$7.99,65,34,24,Albania
Thurston,Goodlett,tgoodlettg1@upenn.edu,Male,$7.33,19,42,33,Russia
Brade,Nassi,bnassig2@github.com,Male,$5.30,11,78,35,Philippines
Kariotta,Amery,kameryg3@paginegialle.it,Female,$3.47,90,6,61,Croatia
Hardy,Deppe,hdeppeg4@blogtalkradio.com,Male,$4.87,9,22,19,Bosnia and Herzegovina
Hagen,Cowterd,hcowterdg5@theglobeandmail.com,Male,$2.10,32,36,24,Brazil
Madelon,Bellenger,mbellengerg6@eepurl.com,Female,$5.50,3,1,98,Egypt
Kelly,Rothchild,krothchildg7@tinyurl.com,Female,$4.23,67,21,70,China
Dannel,Ernshaw,dernshawg8@dailymotion.com,Male,$6.78,72,62,21,Taiwan
Pia,Pashbee,ppashbeeg9@storify.com,Female,$7.42,85,94,1,China
Codi,Burtonwood,cburtonwoodga@vk.com,Female,$4.10,36,33,16,Netherlands
Ash,Byre,abyregb@mlb.com,Male,$2.08,14,40,96,United States
Mano,Hover,mhovergc@gov.uk,Male,$9.13,90,28,45,Indonesia
Jarret,Dummer,jdummergd@unicef.org,Male,$8.04,72,16,67,Indonesia
Guy,Hebblewaite,ghebblewaitege@networkadvertising.org,Male,$7.78,58,61,86,Peru
Graehme,Lantry,glantrygf@ucla.edu,Male,$3.14,53,76,1,China
Heath,Brunner,hbrunnergg@addthis.com,Male,$6.26,29,59,45,Thailand
Klemens,Colleck,kcolleckgh@bravesites.com,Male,$2.32,39,50,98,Mexico
Andrei,Halton,ahaltongi@cpanel.net,Female,$4.88,79,61,1,Madagascar
Ddene,Beecham,dbeechamgj@nih.gov,Female,$9.69,64,93,49,Croatia
Jeri,Rusling,jruslinggk@cnet.com,Female,$9.61,60,54,99,Poland
Quinton,O'Donegan,qodonegangl@microsoft.com,Male,$8.24,21,50,71,Bahrain
Pippy,Wozencroft,pwozencroftgm@abc.net.au,Female,$9.19,27,84,35,Egypt
Alfred,Webbe,awebbegn@mozilla.org,Male,$4.65,79,74,29,Philippines
Bran,Belhome,bbelhomego@is.gd,Male,$9.13,19,87,58,Saint Kitts and Nevis
Silvio,Kitchaside,skitchasidegp@psu.edu,Male,$6.74,37,12,64,Czech Republic
Calley,Du Barry,cdubarrygq@hao123.com,Female,$6.03,79,66,76,China
Kanya,Dobbson,kdobbsongr@dyndns.org,Female,$9.92,86,14,5,Portugal
Stavro,Killelea,skilleleags@ucoz.ru,Male,$1.26,33,74,73,Brazil
Lorne,Rymmer,lrymmergt@wordpress.org,Female,$5.43,51,30,16,China
L;urette,Waldera,lwalderagu@ask.com,Female,$3.89,12,73,83,Brazil
Thaddus,Wathell,twathellgv@ask.com,Male,$6.93,3,30,90,Madagascar
Dianna,Dewerson,ddewersongw@jiathis.com,Female,$7.66,20,5,50,United States
Gerianna,Keesman,gkeesmangx@google.it,Female,$7.14,52,85,42,Poland
Jesse,Hartzenberg,jhartzenberggy@wikimedia.org,Male,$9.70,69,25,70,Thailand
Judy,Creber,jcrebergz@oakley.com,Female,$7.01,5,79,4,Indonesia
Lottie,Scouler,lscoulerh0@jalbum.net,Female,$5.34,7,63,23,Sweden
Janifer,Saenz,jsaenzh1@spiegel.de,Female,$4.86,47,40,98,Niger
Chicky,Dillamore,cdillamoreh2@godaddy.com,Male,$2.17,49,80,66,France
Nani,Willshire,nwillshireh3@ox.ac.uk,Female,$6.89,93,26,84,Philippines
Violette,Dury,vduryh4@miitbeian.gov.cn,Female,$2.11,66,65,7,Indonesia
Antonietta,Emblem,aemblemh5@arstechnica.com,Female,$3.39,4,33,70,Norway
Rudiger,Bugler,rbuglerh6@ycombinator.com,Male,$1.05,56,64,9,Philippines
Herold,Cridland,hcridlandh7@yahoo.com,Male,$1.81,76,84,6,China
Waite,Quartermaine,wquartermaineh8@va.gov,Male,$4.40,45,89,16,Argentina
Bartel,MacIlurick,bmacilurickh9@ihg.com,Male,$2.99,49,66,33,Morocco
Jany,Beig,jbeigha@altervista.org,Female,$8.66,65,13,9,Kyrgyzstan
Selia,Benard,sbenardhb@youku.com,Female,$9.52,90,17,51,Sweden
Gran,Cherrison,gcherrisonhc@squarespace.com,Male,$0.19,41,36,72,China
Sasha,Ziehms,sziehmshd@nyu.edu,Male,$0.01,82,1,65,Poland
Kassey,Holme,kholmehe@prweb.com,Female,$8.56,3,86,56,Indonesia
Christiana,Grote,cgrotehf@globo.com,Female,$3.55,87,85,24,France
Slade,Bilverstone,sbilverstonehg@tinypic.com,Male,$0.26,45,88,61,Israel
Griffie,Sangster,gsangsterhh@eepurl.com,Male,$6.18,75,86,24,Mexico
Karna,Jewett,kjewetthi@webmd.com,Female,$6.51,75,31,40,Philippines
Jaye,Sillitoe,jsillitoehj@abc.net.au,Male,$7.74,85,66,99,Slovenia
Karine,Pelham,kpelhamhk@histats.com,Female,$6.37,14,96,86,China
Sonny,Feedham,sfeedhamhl@craigslist.org,Male,$2.99,8,69,7,Iraq
Eran,Dollar,edollarhm@usa.gov,Female,$1.87,4,49,53,Argentina
Thorpe,Bleasby,tbleasbyhn@fda.gov,Male,$3.79,64,26,28,Ukraine
Sim,Chaperling,schaperlingho@blog.com,Male,$2.69,20,75,30,Philippines
Cobb,Maryman,cmarymanhp@cyberchimps.com,Male,$7.93,31,68,97,Colombia
Adlai,Foye,afoyehq@cafepress.com,Male,$3.14,25,38,1,Philippines
Eimile,Hurran,ehurranhr@cpanel.net,Female,$8.33,67,20,63,Argentina
Clo,McGrann,cmcgrannhs@opera.com,Female,$5.29,9,95,3,Indonesia
Currie,Eddoes,ceddoesht@comsenz.com,Male,$0.63,69,8,56,Brazil
Reeva,Marritt,rmarritthu@constantcontact.com,Female,$1.62,99,10,95,Indonesia
Nanette,De Mars,ndemarshv@rambler.ru,Female,$4.27,85,84,6,Malaysia
Dayle,Savery,dsaveryhw@techcrunch.com,Female,$1.70,47,89,45,Indonesia
Sherlocke,Cockerton,scockertonhx@harvard.edu,Male,$5.57,69,22,38,Indonesia
Denice,Kynaston,dkynastonhy@oakley.com,Female,$5.25,66,55,15,China
Goddart,Inns,ginnshz@livejournal.com,Male,$1.15,52,50,34,Bosnia and Herzegovina
Burgess,O'Mahoney,bomahoneyi0@studiopress.com,Male,$5.81,54,61,91,Portugal
Vonni,Kaplin,vkaplini1@github.com,Female,$3.64,100,73,42,Poland
Gabi,Tzarkov,gtzarkovi2@rediff.com,Female,$0.47,31,80,86,Czech Republic
Hunter,Spinella,hspinellai3@japanpost.jp,Male,$3.45,65,35,10,Philippines
Bebe,D'Orsay,bdorsayi4@microsoft.com,Female,$2.19,100,21,89,Indonesia
Dalt,Blaszczak,dblaszczaki5@naver.com,Male,$9.81,13,38,9,Honduras
Krispin,Duerden,kduerdeni6@imageshack.us,Male,$8.49,54,67,91,Indonesia
Katie,Cella,kcellai7@bbc.co.uk,Female,$8.86,4,11,16,Poland
Amerigo,Ewing,aewingi8@ycombinator.com,Male,$2.67,17,53,72,China
Nathanael,Billows,nbillowsi9@cafepress.com,Male,$5.01,82,60,70,Colombia
Sorcha,Faltskog,sfaltskogia@wikia.com,Female,$4.59,8,25,29,Brazil
Stephanus,Stubbin,sstubbinib@constantcontact.com,Male,$5.05,46,84,53,Egypt
Gwenette,Hammelberg,ghammelbergic@ihg.com,Female,$6.31,22,100,36,China
Gerri,Osgar,gosgarid@yelp.com,Male,$9.72,84,41,8,Panama
Ellerey,Kingzett,ekingzettie@mit.edu,Male,$5.50,46,18,27,China
Wendell,Creser,wcreserif@creativecommons.org,Male,$6.05,53,17,1,China
Jason,Eskrigg,jeskriggig@home.pl,Male,$4.22,66,88,75,Syria
Mateo,Beetles,mbeetlesih@google.ca,Male,$3.92,10,52,38,Portugal
Grete,Doore,gdooreii@cisco.com,Female,$5.26,19,46,46,China
Damian,Swaton,dswatonij@ucsd.edu,Male,$6.80,75,49,90,Philippines
Christoph,Stodart,cstodartik@wikimedia.org,Male,$7.36,14,23,23,China
Radcliffe,Strange,rstrangeil@chicagotribune.com,Male,$2.14,54,54,62,Russia
Umberto,Caff,ucaffim@zimbio.com,Male,$2.83,5,14,100,Indonesia
Ingaberg,Giggie,igiggiein@constantcontact.com,Female,$2.02,4,79,21,Czech Republic
Antonin,McMains,amcmainsio@free.fr,Male,$3.01,53,62,83,Indonesia
Riordan,Neesam,rneesamip@sphinn.com,Male,$4.23,55,74,32,Argentina
Kalie,Perrottet,kperrottetiq@columbia.edu,Female,$8.90,86,83,32,China
Afton,Simmill,asimmillir@instagram.com,Female,$8.95,31,51,10,Croatia
Hallie,Truswell,htruswellis@macromedia.com,Female,$4.00,68,19,60,Brazil
Perry,Matthisson,pmatthissonit@networkadvertising.org,Female,$6.96,47,53,31,Portugal
Mikel,Giovannilli,mgiovannilliiu@nsw.gov.au,Male,$5.97,85,40,4,Czech Republic
Myranda,Jennery,mjenneryiv@tiny.cc,Female,$2.61,96,22,5,China
Roger,Foulis,rfoulisiw@columbia.edu,Male,$7.31,16,55,76,Ecuador
Desdemona,Loblie,dloblieix@jigsy.com,Female,$7.36,7,20,64,Mali
Tonie,Gabbitas,tgabbitasiy@globo.com,Female,$9.80,85,93,67,Russia
Gladys,Brosini,gbrosiniiz@omniture.com,Female,$4.11,71,30,44,Russia
Rafferty,Godley,rgodleyj0@foxnews.com,Male,$9.47,84,91,79,France
Lorna,Plait,lplaitj1@state.gov,Female,$2.47,70,81,15,Lithuania
Jany,Wilcock,jwilcockj2@nbcnews.com,Female,$1.40,23,36,86,Rwanda
Teirtza,Mesias,tmesiasj3@tumblr.com,Female,$9.37,25,86,95,Greece
Rhodia,Priver,rpriverj4@cbc.ca,Female,$5.59,5,65,1,Serbia
Guss,Strongitharm,gstrongitharmj5@i2i.jp,Male,$8.44,54,47,91,Russia
Dasha,Taysbil,dtaysbilj6@prlog.org,Female,$3.92,59,98,73,Russia
Hilly,Neilan,hneilanj7@g.co,Male,$8.86,14,13,3,Czech Republic
Ganny,Wyard,gwyardj8@smugmug.com,Male,$6.25,54,8,91,Poland
Nefen,Bridle,nbridlej9@bloomberg.com,Male,$0.92,89,73,46,China
Dulcia,Trenfield,dtrenfieldja@cnbc.com,Female,$3.10,81,82,47,Paraguay
Lita,Soares,lsoaresjb@weibo.com,Female,$7.41,57,78,69,Brazil
Kerry,Khoter,kkhoterjc@cnn.com,Male,$1.36,5,36,92,Ukraine
Melodee,Haskell,mhaskelljd@google.co.jp,Female,$0.49,4,23,67,Indonesia
Foss,Kevlin,fkevlinje@oakley.com,Male,$2.32,57,18,48,Philippines
Valentijn,Fairbrass,vfairbrassjf@macromedia.com,Male,$6.39,84,28,45,Czech Republic
Barnett,Warlow,bwarlowjg@typepad.com,Male,$8.88,86,67,99,Indonesia
Gustave,Digby,gdigbyjh@webnode.com,Male,$0.59,99,19,14,China
Karlens,Ovey,koveyji@google.pl,Male,$0.41,34,5,33,Czech Republic
Kingston,Dorken,kdorkenjj@fotki.com,Male,$4.34,45,75,97,Israel
Dietrich,Hambleton,dhambletonjk@nbcnews.com,Male,$2.83,98,13,6,Italy
Nananne,Scibsey,nscibseyjl@hao123.com,Female,$9.00,41,37,63,Japan
Sabina,Grealey,sgrealeyjm@diigo.com,Female,$6.95,44,90,70,Russia
Humfrid,Curthoys,hcurthoysjn@about.me,Male,$4.46,52,93,24,Czech Republic
Jerrilyn,Simione,jsimionejo@redcross.org,Female,$0.60,33,3,29,Japan
Dulci,Cowdrey,dcowdreyjp@amazon.de,Female,$9.56,6,94,94,France
Gorden,Leschelle,gleschellejq@behance.net,Male,$9.62,90,54,40,Portugal
Larry,O'Bradain,lobradainjr@etsy.com,Male,$4.00,63,77,51,China
Sophie,Sedgebeer,ssedgebeerjs@freewebs.com,Female,$4.29,64,65,87,Kazakhstan
Sherwynd,Retallack,sretallackjt@canalblog.com,Male,$6.60,24,89,48,Sweden
Saunders,Diddams,sdiddamsju@time.com,Male,$8.60,14,55,65,Indonesia
Sibyl,Palethorpe,spalethorpejv@unesco.org,Male,$8.17,55,17,32,Russia
Trudie,Forcade,tforcadejw@behance.net,Female,$5.33,37,97,14,China
Sheffy,Cudmore,scudmorejx@opera.com,Male,$4.09,78,13,91,Philippines
Beale,Hof,bhofjy@wordpress.com,Male,$4.81,33,18,47,Indonesia
Danna,Battleson,dbattlesonjz@fotki.com,Female,$2.50,87,75,47,Argentina
Korrie,Brimmell,kbrimmellk0@opera.com,Female,$1.28,14,22,72,Lithuania
Jobye,Risen,jrisenk1@myspace.com,Female,$9.45,53,86,91,Ireland
Alexia,Collyns,acollynsk2@intel.com,Female,$5.52,18,23,26,Indonesia
Gerome,Gillice,ggillicek3@youku.com,Male,$0.58,100,73,44,Argentina
Sheena,Finnimore,sfinnimorek4@time.com,Female,$6.22,95,89,71,Nigeria
Alasdair,Sainthill,asainthillk5@elegantthemes.com,Male,$0.57,91,14,4,Indonesia
Myles,Westmore,mwestmorek6@hexun.com,Male,$1.90,50,14,92,Portugal
Gustav,Murie,gmuriek7@yale.edu,Male,$9.42,6,65,43,Brazil
Christi,Lefeaver,clefeaverk8@imdb.com,Female,$2.96,1,28,18,France
Fredelia,Foister,ffoisterk9@bandcamp.com,Female,$0.46,46,97,45,Poland
Amerigo,Armitage,aarmitageka@fema.gov,Male,$9.95,58,7,87,Indonesia
Wylma,Slinn,wslinnkb@acquirethisname.com,Female,$4.16,20,2,54,Indonesia
Junie,Zincke,jzinckekc@sciencedaily.com,Female,$5.92,82,42,50,Canada
Elden,Da Costa,edacostakd@nbcnews.com,Male,$3.51,47,33,83,Botswana
Bernardina,Girardez,bgirardezke@ask.com,Female,$8.23,99,23,37,Norway
Cristy,Kunisch,ckunischkf@rakuten.co.jp,Female,$3.17,76,22,16,Poland
Babita,Wrassell,bwrassellkg@dmoz.org,Female,$7.04,70,82,1,Canada
Maxy,Andino,mandinokh@admin.ch,Male,$2.48,20,62,7,Kenya
Lane,Toombes,ltoombeski@lulu.com,Male,$8.95,23,85,20,Australia
Esme,Malloy,emalloykj@walmart.com,Male,$1.07,68,58,58,China
Dav,Donati,ddonatikk@icq.com,Male,$1.09,92,38,97,Greece
Alejandro,McLaughlan,amclaughlankl@pen.io,Male,$8.37,80,59,35,China
Cy,Mickan,cmickankm@jalbum.net,Male,$10.00,85,85,90,Mexico
Sonya,Dorgon,sdorgonkn@ucla.edu,Female,$0.33,15,89,42,Indonesia
Dannie,Gutman,dgutmanko@thetimes.co.uk,Male,$6.67,38,26,14,Portugal
Felicio,Shyram,fshyramkp@kickstarter.com,Male,$5.21,62,22,26,Indonesia
Kyrstin,Hewins,khewinskq@umn.edu,Female,$1.67,4,69,76,Azerbaijan
Beverlee,Witherup,bwitherupkr@bizjournals.com,Female,$6.70,74,21,65,Ukraine
Virgilio,Rowney,vrowneyks@skyrock.com,Male,$6.21,64,47,74,Afghanistan
Broderick,Keggins,bkegginskt@furl.net,Male,$9.08,22,36,93,China
Cindy,Redmain,credmainku@ebay.co.uk,Female,$4.35,89,73,75,Brazil
Shannon,Topp,stoppkv@shutterfly.com,Female,$5.04,42,54,47,Vietnam
Brannon,Westrey,bwestreykw@unblog.fr,Male,$5.42,40,57,6,China
Ashlee,Sandford,asandfordkx@adobe.com,Female,$8.53,89,26,31,United States
Emyle,Ahmad,eahmadky@ed.gov,Female,$8.96,71,98,18,China
Hastie,Scamal,hscamalkz@illinois.edu,Male,$0.05,93,62,80,Sweden
Mahmud,Groome,mgroomel0@cornell.edu,Male,$5.92,69,22,55,Canada
Geno,Klimov,gklimovl1@fema.gov,Male,$2.06,43,19,23,Poland
Aloysius,Pigot,apigotl2@feedburner.com,Male,$8.81,96,15,77,China
Carolyn,Drowsfield,cdrowsfieldl3@cisco.com,Female,$9.30,19,33,70,France
Hillel,Pavolillo,hpavolillol4@creativecommons.org,Male,$9.26,54,79,93,China
Zachariah,Kirley,zkirleyl5@cloudflare.com,Male,$2.87,7,37,28,Yemen
Leeland,Jakubovski,ljakubovskil6@chronoengine.com,Male,$7.54,4,46,76,China
Ethe,Jiri,ejiril7@shop-pro.jp,Male,$8.00,99,84,17,Sweden
Delia,MacTrustie,dmactrustiel8@oaic.gov.au,Female,$3.15,50,64,82,Czech Republic
Lalo,Lockhead,llockheadl9@jalbum.net,Male,$1.21,91,45,81,Russia
Ainslee,Andrichuk,aandrichukla@hc360.com,Female,$6.23,26,95,97,China
Lila,Cussins,lcussinslb@huffingtonpost.com,Female,$9.88,57,79,38,Poland
Muriel,Reed,mreedlc@webmd.com,Female,$3.14,97,14,30,Madagascar
Sherman,Cowdroy,scowdroyld@eventbrite.com,Male,$2.04,13,73,72,Finland
Ardis,Barden,abardenle@unc.edu,Female,$5.42,39,89,20,China
Hynda,de Zamora,hdezamoralf@patch.com,Female,$2.71,84,85,98,Sweden
Olenolin,Demaine,odemainelg@un.org,Male,$6.17,46,72,23,China
Phylis,Hasser,phasserlh@elpais.com,Female,$1.93,66,74,21,United States
Jobyna,Conachie,jconachieli@nps.gov,Female,$0.33,49,58,45,China
Devlen,Stittle,dstittlelj@geocities.com,Male,$2.15,25,78,67,Ukraine
Matti,Carmel,mcarmellk@elpais.com,Female,$4.27,58,57,87,Ukraine
Jamey,Fane,jfanell@soundcloud.com,Male,$8.34,40,18,57,Indonesia
Bevon,Decourcy,bdecourcylm@jugem.jp,Male,$3.93,1,76,50,Philippines
Marten,Thaw,mthawln@msu.edu,Male,$2.13,50,85,36,Syria
Irv,Doe,idoelo@ebay.com,Male,$4.83,93,8,41,Russia
Roxanna,MacGebenay,rmacgebenaylp@google.ca,Female,$0.48,28,6,42,Indonesia
Gertrud,Englishby,genglishbylq@netvibes.com,Female,$1.74,54,55,98,Indonesia
Hobey,Lind,hlindlr@jiathis.com,Male,$4.40,16,69,88,China
Tresa,Cockshutt,tcockshuttls@indiatimes.com,Female,$1.76,100,60,7,Norway
Bernette,Blount,bblountlt@digg.com,Female,$2.15,22,82,37,Canada
Linzy,Shotter,lshotterlu@simplemachines.org,Female,$9.52,24,30,85,Uganda
Earlie,Mengue,emenguelv@ft.com,Male,$4.11,27,83,92,Ireland
Abbe,Maris,amarislw@patch.com,Male,$8.73,73,94,12,Indonesia
Kenneth,Hemphill,khemphilllx@virginia.edu,Male,$5.33,16,72,93,Luxembourg
Archaimbaud,Frugier,afrugierly@cnn.com,Male,$3.65,13,19,57,Poland
Skippy,Emanueli,semanuelilz@phoca.cz,Male,$1.11,62,90,74,Indonesia
Abie,Bonnin,abonninm0@netvibes.com,Male,$3.93,6,19,9,Mongolia
Mark,Whiten,mwhitenm1@ameblo.jp,Male,$9.19,78,74,99,China
Dominick,Giovannini,dgiovanninim2@studiopress.com,Male,$2.74,22,52,76,Germany
Waverly,Halle,whallem3@squarespace.com,Male,$5.26,53,47,90,Poland
Giselbert,Manley,gmanleym4@topsy.com,Male,$6.48,8,32,47,Indonesia
Kahaleel,Alf,kalfm5@irs.gov,Male,$7.88,63,6,66,Czech Republic
Grove,Quarlis,gquarlism6@wsj.com,Male,$5.03,20,43,88,Indonesia
Patric,Duff,pduffm7@indiegogo.com,Male,$0.98,46,68,14,Indonesia
Elset,Saurin,esaurinm8@answers.com,Female,$7.42,66,94,30,Czech Republic
Roxie,Burgon,rburgonm9@phoca.cz,Female,$4.57,85,97,42,French Polynesia
Tye,Godding,tgoddingma@reference.com,Male,$7.69,66,82,6,China
Nowell,Chasle,nchaslemb@yellowpages.com,Male,$9.62,76,77,86,Bosnia and Herzegovina
Nanice,Roelvink,nroelvinkmc@dmoz.org,Female,$5.23,78,84,12,Zambia
Ware,Brankley,wbrankleymd@free.fr,Male,$0.82,26,41,18,Greece
Vasili,Gossop,vgossopme@indiatimes.com,Male,$7.23,29,41,15,Portugal
Hugibert,Merck,hmerckmf@qq.com,Male,$2.57,6,45,36,Tunisia
Sibby,Payne,spaynemg@php.net,Female,$3.64,26,99,23,Portugal
Layney,Pierce,lpiercemh@blogtalkradio.com,Female,$4.57,31,12,73,Cyprus
Lorant,Rutledge,lrutledgemi@intel.com,Male,$3.42,7,99,93,Philippines
Dennis,Gladyer,dgladyermj@printfriendly.com,Male,$3.25,76,38,48,China
Orsola,Bohlje,obohljemk@wordpress.org,Female,$6.02,34,77,76,Greece
Page,Brunke,pbrunkeml@topsy.com,Female,$4.94,44,23,59,China
Hermann,Abramovic,habramovicmm@trellian.com,Male,$9.63,49,97,42,United States
Leonardo,Streeten,lstreetenmn@loc.gov,Male,$4.92,23,87,91,Peru
Russ,Hammand,rhammandmo@spiegel.de,Male,$0.17,18,32,46,Russia
August,Broadbury,abroadburymp@berkeley.edu,Male,$4.40,71,63,58,France
Meriel,Blesdill,mblesdillmq@dropbox.com,Female,$0.75,34,89,29,Japan
Abdel,Poznanski,apoznanskimr@ezinearticles.com,Male,$3.27,27,67,65,China
Gay,Tortice,gtorticems@jugem.jp,Male,$0.43,76,12,81,Indonesia
Hildegaard,Tumber,htumbermt@uiuc.edu,Female,$6.52,35,45,12,China
Mathilda,Meric,mmericmu@baidu.com,Female,$6.95,17,14,24,Philippines
Manny,Addison,maddisonmv@oakley.com,Male,$8.06,43,2,82,Czech Republic
Clerc,Drohun,cdrohunmw@example.com,Male,$9.54,61,11,95,China
Yovonnda,Benoist,ybenoistmx@webs.com,Female,$8.73,46,11,59,Indonesia
Eveleen,Davydzenko,edavydzenkomy@feedburner.com,Female,$0.60,47,39,43,Philippines
Laurette,Kewish,lkewishmz@acquirethisname.com,Female,$9.43,3,16,38,Sierra Leone
Pebrook,Bleiman,pbleimann0@techcrunch.com,Male,$3.18,36,3,90,Israel
Vic,Leming,vlemingn1@list-manage.com,Male,$2.91,13,56,45,Yemen
Janeczka,Lanbertoni,jlanbertonin2@baidu.com,Female,$0.62,20,60,46,Indonesia
Lulita,Travis,ltravisn3@deviantart.com,Female,$8.92,27,8,9,Philippines
Delly,Wiffield,dwiffieldn4@xinhuanet.com,Female,$9.78,2,64,98,Serbia
Shermy,Aluard,saluardn5@webs.com,Male,$8.46,69,91,13,Philippines
Ford,Ellen,fellenn6@utexas.edu,Male,$0.93,89,83,99,Poland
Rhianon,Arno,rarnon7@privacy.gov.au,Female,$3.18,24,58,54,Portugal
Merrielle,Farahar,mfaraharn8@webeden.co.uk,Female,$5.45,70,8,57,France
Bink,Adelsberg,badelsbergn9@un.org,Male,$1.01,50,59,73,Philippines
Martha,Elderkin,melderkinna@utexas.edu,Female,$1.13,16,97,43,Sweden
Maxy,Burnup,mburnupnb@barnesandnoble.com,Female,$4.79,44,43,73,Portugal
Kit,Wing,kwingnc@bravesites.com,Female,$0.65,45,99,18,Sweden
Eduino,Cullin,ecullinnd@ed.gov,Male,$7.37,65,29,68,Philippines
Claudine,Castro,ccastrone@latimes.com,Female,$3.97,68,25,89,Slovenia
Veronique,Polden,vpoldennf@time.com,Female,$0.21,82,23,91,Russia
Alasdair,Menauteau,amenauteaung@so-net.ne.jp,Male,$5.10,58,14,11,Mongolia
Sammy,Feehery,sfeeherynh@weather.com,Male,$2.61,69,30,16,Syria
Jessy,Hayes,jhayesni@barnesandnoble.com,Female,$8.01,50,33,90,Malaysia
Rubina,Lilleyman,rlilleymannj@scribd.com,Female,$7.23,74,94,28,Indonesia
Maxy,Seale,msealenk@unc.edu,Male,$2.54,15,69,98,Myanmar
Larisa,Jarville,ljarvillenl@nydailynews.com,Female,$2.95,23,54,11,China
Foster,Hierro,fhierronm@cocolog-nifty.com,Male,$0.63,48,32,97,Philippines
Brantley,Turbat,bturbatnn@alibaba.com,Male,$9.76,5,97,28,China
Brocky,Corteis,bcorteisno@nps.gov,Male,$8.95,79,32,86,Lithuania
Helaina,Redit,hreditnp@buzzfeed.com,Female,$0.35,15,3,47,Japan
Bud,Tavinor,btavinornq@loc.gov,Male,$8.17,60,63,42,Poland
Northrop,Greeding,ngreedingnr@smugmug.com,Male,$9.84,16,78,69,Brazil
Ivett,Pegden,ipegdenns@cargocollective.com,Female,$4.59,44,9,93,Czech Republic
Esmaria,Offen,eoffennt@adobe.com,Female,$8.10,35,39,3,Estonia
Ula,De Lisle,udelislenu@cdbaby.com,Female,$9.74,83,80,4,China
Nate,Vautrey,nvautreynv@webmd.com,Male,$4.38,52,14,10,Indonesia
Rosemonde,Magee,rmageenw@ezinearticles.com,Female,$2.33,23,46,96,Vietnam
Deeanne,O'Keevan,dokeevannx@cafepress.com,Female,$6.78,41,32,70,Indonesia
Ruthe,Jobbins,rjobbinsny@ed.gov,Female,$5.78,32,4,91,Indonesia
Kalli,Sheaber,ksheabernz@ftc.gov,Female,$6.83,50,50,36,China
Mandie,Elphinston,melphinstono0@cisco.com,Female,$4.75,70,33,79,China
Nonnah,Dripp,ndrippo1@wired.com,Female,$4.54,36,5,64,Portugal
Ceciley,Curteis,ccurteiso2@ask.com,Female,$1.83,51,34,31,Indonesia
Dina,Gwinnel,dgwinnelo3@java.com,Female,$6.66,55,35,23,China
Kira,Jarvie,kjarvieo4@comsenz.com,Female,$8.90,59,26,89,Japan
Harmonia,MacCumiskey,hmaccumiskeyo5@nytimes.com,Female,$7.87,57,39,37,Nigeria
Babara,Mitchenson,bmitchensono6@xing.com,Female,$7.68,58,71,61,China
Darell,MacGettigen,dmacgettigeno7@symantec.com,Female,$1.97,38,44,97,Brazil
Anatola,Moakson,amoaksono8@skype.com,Female,$8.06,62,53,19,China
Rafa,Waterfield,rwaterfieldo9@forbes.com,Female,$9.10,64,2,100,Burkina Faso
Raphael,Brabin,rbrabinoa@histats.com,Male,$8.70,49,6,25,Indonesia
Timmie,MacGovern,tmacgovernob@bbc.co.uk,Male,$4.20,8,48,62,Ukraine
Peyton,Hessing,phessingoc@hibu.com,Male,$4.62,65,36,69,Poland
Noe,Baldick,nbaldickod@cloudflare.com,Male,$2.65,58,90,10,China
Jervis,Thirlwall,jthirlwalloe@samsung.com,Male,$3.44,10,24,31,Greece
Abby,Deason,adeasonof@angelfire.com,Male,$1.87,65,78,43,China
Zack,Nockles,znocklesog@amazon.co.jp,Male,$7.99,21,48,9,Indonesia
Melany,Tefft,mtefftoh@liveinternet.ru,Female,$4.43,54,62,53,Ukraine
Barnie,Duckhouse,bduckhouseoi@usa.gov,Male,$2.30,63,86,57,Gabon
Sacha,O' Liddy,soliddyoj@bravesites.com,Female,$2.18,55,17,57,Norway
Brenn,Dell Casa,bdellcasaok@yolasite.com,Female,$2.83,52,18,10,China
Kaylil,Brougham,kbroughamol@berkeley.edu,Female,$4.90,86,56,52,Russia
Dore,Bolzmann,dbolzmannom@netscape.com,Male,$0.47,25,90,23,China
Karlens,Castlake,kcastlakeon@networkadvertising.org,Male,$4.32,68,63,30,Russia
Rois,O' Lone,roloneoo@godaddy.com,Female,$4.67,25,33,14,Portugal
Zacherie,Guinn,zguinnop@unicef.org,Male,$2.51,24,98,75,France
Bastian,Heppner,bheppneroq@fema.gov,Male,$3.21,18,98,96,Slovenia
Sukey,Pyburn,spyburnor@admin.ch,Female,$0.72,99,13,8,Czech Republic
Edy,Lamerton,elamertonos@stanford.edu,Female,$7.18,32,44,42,Poland
Harold,Batstone,hbatstoneot@apache.org,Male,$2.55,75,57,6,Argentina
Halsy,Pridden,hpriddenou@sakura.ne.jp,Male,$2.20,94,81,78,Costa Rica
Lay,Kaman,lkamanov@jugem.jp,Male,$5.63,12,37,98,Greece
Laurent,Lewsie,llewsieow@census.gov,Male,$3.22,18,99,40,Greece
Purcell,Orkney,porkneyox@hubpages.com,Male,$9.40,94,21,82,Brazil
Kerstin,Camlin,kcamlinoy@google.ca,Female,$1.01,13,58,8,Japan
Antonia,Dysart,adysartoz@sina.com.cn,Female,$6.51,17,81,9,Canada
Agace,Flag,aflagp0@ifeng.com,Female,$6.49,87,10,13,China
Norton,Duding,ndudingp1@a8.net,Male,$3.23,96,10,34,Brazil
Danella,Francesco,dfrancescop2@jalbum.net,Female,$7.30,75,94,19,China
Locke,Pietraszek,lpietraszekp3@goo.gl,Male,$3.54,71,63,41,Russia
Gabriela,MacGahey,gmacgaheyp4@jalbum.net,Female,$1.16,41,6,99,Brazil
Stuart,Kuschek,skuschekp5@forbes.com,Male,$6.90,30,40,12,China
Carleton,Dunlap,cdunlapp6@noaa.gov,Male,$2.00,37,53,49,Philippines
Eliot,Kirsopp,ekirsoppp7@independent.co.uk,Male,$8.53,55,48,41,New Zealand
Janean,Belhomme,jbelhommep8@sphinn.com,Female,$5.51,53,82,12,Brazil
Darren,Littlepage,dlittlepagep9@behance.net,Male,$5.85,76,42,40,Botswana
Darci,Rickaby,drickabypa@gmpg.org,Female,$8.39,23,91,92,Myanmar
Langsdon,Uren,lurenpb@umn.edu,Male,$5.06,44,92,98,Serbia
Demetris,Winfindale,dwinfindalepc@imgur.com,Male,$3.27,82,78,94,United States
Garner,Barringer,gbarringerpd@newsvine.com,Male,$9.22,92,85,35,Iran
Vanya,Easseby,veassebype@cocolog-nifty.com,Female,$8.66,98,40,57,Sweden
Bert,Windus,bwinduspf@discovery.com,Male,$0.47,44,87,22,Ukraine
Nikolai,Glison,nglisonpg@typepad.com,Male,$4.76,77,43,2,Indonesia
Des,Tourne,dtourneph@yolasite.com,Male,$7.75,65,57,6,Peru
Mellie,Rookeby,mrookebypi@vkontakte.ru,Female,$0.82,58,41,77,China
Lawton,Janko,ljankopj@techcrunch.com,Male,$4.32,75,46,80,Russia
Erie,Redley,eredleypk@dmoz.org,Male,$2.23,82,96,34,China
Neale,Dayes,ndayespl@blog.com,Male,$6.35,37,45,68,China
Tymothy,Fontanet,tfontanetpm@studiopress.com,Male,$8.96,56,38,24,Peru
Suzanne,Borrott,sborrottpn@fastcompany.com,Female,$2.74,2,12,24,Indonesia
Davidson,Stainfield,dstainfieldpo@dyndns.org,Male,$6.89,92,21,72,Serbia
William,Richardes,wrichardespp@webeden.co.uk,Male,$4.33,8,86,42,Czech Republic
Leon,Allawy,lallawypq@163.com,Male,$3.15,42,40,56,Malawi
Rhys,Yeowell,ryeowellpr@prnewswire.com,Male,$7.84,58,54,48,Brazil
Orelle,Albertson,oalbertsonps@purevolume.com,Female,$6.64,68,49,8,Brazil
Roshelle,Fann,rfannpt@cbsnews.com,Female,$2.67,46,20,89,Israel
Tamma,Clymo,tclymopu@people.com.cn,Female,$2.03,2,28,94,Sweden
Blaine,Narbett,bnarbettpv@vk.com,Male,$8.20,38,31,93,Russia
Ode,Castagne,ocastagnepw@eepurl.com,Male,$6.88,24,61,69,Indonesia
Jerad,Sandlin,jsandlinpx@nationalgeographic.com,Male,$6.25,40,58,95,Philippines
Derby,Czajka,dczajkapy@purevolume.com,Male,$6.37,25,80,19,Indonesia
Burr,Ferandez,bferandezpz@google.pl,Male,$5.25,82,39,61,Argentina
Geoff,McMenamin,gmcmenaminq0@about.com,Male,$1.53,69,82,54,Tokelau
Bobbie,Campo,bcampoq1@msn.com,Male,$9.19,73,27,44,Ukraine
Dudley,Brychan,dbrychanq2@gravatar.com,Male,$5.58,40,61,35,Nigeria
Filmore,Tellenbach,ftellenbachq3@google.com.br,Male,$7.40,96,93,50,Bosnia and Herzegovina
Doria,Falla,dfallaq4@wired.com,Female,$7.39,52,44,87,Ukraine
Melissa,Wardell,mwardellq5@youku.com,Female,$2.68,67,3,32,France
Claiborne,Ferns,cfernsq6@amazonaws.com,Male,$1.76,100,51,3,Japan
Liane,McCloy,lmccloyq7@gravatar.com,Female,$4.03,53,79,8,Honduras
Jerrilee,Blofeld,jblofeldq8@kickstarter.com,Female,$4.18,10,6,56,China
Dorrie,Henken,dhenkenq9@springer.com,Female,$7.33,95,56,37,Morocco
Rodd,Jaggar,rjaggarqa@go.com,Male,$4.24,85,35,37,China
Dale,Sepey,dsepeyqb@nifty.com,Female,$8.52,49,50,85,Indonesia
Rica,Statter,rstatterqc@freewebs.com,Female,$1.38,91,17,63,China
Wilton,Hanfrey,whanfreyqd@last.fm,Male,$1.98,12,31,18,China
Katharyn,Jelly,kjellyqe@chron.com,Female,$7.64,95,25,46,Thailand
Vallie,Guthrie,vguthrieqf@unesco.org,Female,$8.43,85,75,68,France
Cyndy,Burgan,cburganqg@dot.gov,Female,$1.43,51,89,28,Sweden
Kat,Bonde,kbondeqh@mapquest.com,Female,$8.31,58,32,60,Iran
Nealy,Heinsen,nheinsenqi@chronoengine.com,Male,$7.91,18,95,5,Russia
Melinda,Blondell,mblondellqj@npr.org,Female,$8.23,13,70,43,Bulgaria
Tony,Luckings,tluckingsqk@google.it,Male,$4.39,40,58,96,Greece
Gilbert,Lawlie,glawlieql@is.gd,Male,$4.10,16,11,99,Russia
Phylys,Sandwith,psandwithqm@nsw.gov.au,Female,$0.31,5,61,34,Afghanistan
Irene,Cobby,icobbyqn@mlb.com,Female,$8.87,26,1,80,Sweden
Herculie,Emmatt,hemmattqo@theglobeandmail.com,Male,$6.79,5,60,22,Indonesia
Catlee,Treweek,ctreweekqp@aboutads.info,Female,$6.60,76,94,20,Myanmar
Blakelee,Allsupp,ballsuppqq@vk.com,Female,$7.10,15,27,6,China
Florri,Clementel,fclementelqr@google.it,Female,$9.25,31,33,35,Brazil
Donal,Chippendale,dchippendaleqs@ihg.com,Male,$9.61,91,80,89,China
Livvie,Scothorn,lscothornqt@oracle.com,Female,$8.38,46,31,69,Philippines
Bev,Wort,bwortqu@who.int,Male,$9.01,81,95,37,Sweden
Tally,Kofax,tkofaxqv@twitpic.com,Female,$4.04,22,22,40,Bolivia
Davina,Kores,dkoresqw@ocn.ne.jp,Female,$9.67,100,21,69,Venezuela
Damiano,Ashtonhurst,dashtonhurstqx@amazon.com,Male,$7.30,96,89,21,China
Giustino,Spancock,gspancockqy@pen.io,Male,$4.91,79,23,42,Bahrain
Jarrod,Klosges,jklosgesqz@cyberchimps.com,Male,$0.98,82,76,36,Peru
Patty,Hyde,phyder0@de.vu,Female,$8.31,7,82,38,Colombia
Helge,Frend,hfrendr1@oaic.gov.au,Female,$0.29,50,63,90,Croatia
Robyn,Goves,rgovesr2@forbes.com,Female,$0.00,81,83,93,Indonesia
Peggie,MacKettrick,pmackettrickr3@timesonline.co.uk,Female,$2.84,84,79,96,Sweden
Gerty,MacMeeking,gmacmeekingr4@elpais.com,Female,$7.11,6,16,74,Madagascar
Carina,Cejka,ccejkar5@elegantthemes.com,Female,$1.96,94,50,63,Ukraine
Janeczka,Jozsef,jjozsefr6@cocolog-nifty.com,Female,$8.56,64,44,88,Ireland
Denny,Lovemore,dlovemorer7@bloomberg.com,Female,$7.77,4,91,49,China
Travers,Davion,tdavionr8@myspace.com,Male,$4.88,75,10,67,China
Prent,Moukes,pmoukesr9@mediafire.com,Male,$6.31,67,83,27,United States
Timmie,Satcher,tsatcherra@creativecommons.org,Female,$1.06,5,90,21,Croatia
Pauly,Romao,promaorb@themeforest.net,Male,$9.11,1,82,97,Ukraine
Mattie,Guerrieri,mguerrierirc@theglobeandmail.com,Male,$7.14,21,60,27,Portugal
Reeva,Bachelor,rbachelorrd@quantcast.com,Female,$4.48,97,40,72,Philippines
Aubrey,Ettery,aetteryre@ycombinator.com,Male,$0.58,2,62,49,Portugal
Ode,Channon,ochannonrf@techcrunch.com,Male,$5.36,50,76,76,Indonesia
Cherye,Tudge,ctudgerg@webnode.com,Female,$0.28,8,85,95,Indonesia
Carena,Matthisson,cmatthissonrh@hatena.ne.jp,Female,$8.72,10,4,65,Poland
Robbert,O'Doran,rodoranri@weather.com,Male,$2.63,72,98,93,Sweden
Frans,Tisun,ftisunrj@cam.ac.uk,Male,$8.03,1,37,93,Indonesia
Griffin,Winsley,gwinsleyrk@nature.com,Male,$5.01,35,37,33,Russia
Ryley,Kidds,rkiddsrl@census.gov,Male,$9.89,64,49,89,Sweden
Corilla,Kalinke,ckalinkerm@google.de,Female,$2.53,86,40,76,Angola
Laurette,Imort,limortrn@dropbox.com,Female,$6.95,7,14,31,Colombia
Cyrus,Hurndall,churndallro@cocolog-nifty.com,Male,$3.83,19,33,44,Indonesia
Vernor,Speare,vspearerp@nhs.uk,Male,$1.53,55,50,72,China
Norton,Wilshaw,nwilshawrq@lulu.com,Male,$3.91,94,80,30,China
Casar,Ferruzzi,cferruzzirr@macromedia.com,Male,$2.67,84,76,81,Hong Kong
